Structural element,type of structure,type of restraint,wall thickness [m],wall length [m],wall height [m],foundation depth [m],foundation width [m],L/H,Aw [m2],Af [m2],Aw/Af,Iw [m4],If [m4],Iw/If,cement type,cement amount [kg/m3],aggregate type,concrete class,fcm measured [MPa],concrete cover [mm],reinforcement diameter [mm],reinforcement spacing [mm],modulus of elasticity of steel [GPa],reinforcement ratio [%],wall curvature [1/m],no. of cracks,crack width range [mm],maximum crack width [mm],,,,,
highway bridge segment 1A,bridge,base,1.5,22.24,7.48,1.5,6.5,2.98,11.21,9.75,1.15,52.21,1.83,28.56,CEM I 42.5N,365,crushed,C30/37,,50,16,100,200,0.27,0,4,"0,2-0,4",0.4,,,,,
highway bridge segment 1B,bridge,base + 1 side,1.5,20.54,7.61,1.5,6.5,2.70,11.41,9.75,1.17,54.98,1.83,30.07,CEM I 42.5N,365,crushed ,C30/37,,50,16,100,200,0.27,0,9,"0,2-0,4",0.4,,,,,
highway bridge segment 1C,bridge,base + 1 side,1.5,14.35,7.22,1.5,6.5,1.99,10.82,9.75,1.11,46.95,1.83,25.68,CEM I 42.5N,365,crushed,C30/37,,50,16,100,200,0.27,0,3,"0,2-0,4",0.4,,,,,
highway bridge segment 2A,bridge,base,1.5,22.19,7.79,1.5,6.5,2.85,11.68,9.75,1.20,58.98,1.83,32.26,CEM I 42.5N,365,crushed,C30/37,,50,16,100,200,0.27,0,3,"0,2-0,4",0.4,,,,,
highway bridge segment 2B,bridge,base + 1 side,1.5,21.66,7.68,1.5,6.5,2.82,11.52,9.75,1.18,56.62,1.83,30.97,CEM I 42.5N,365,crushed,C30/37,,50,16,100,200,0.27,0,10,"0,2-0,4",0.4,,,,,
highway bridge segment 2C,bridge,base + 1 side,1.5,14.78,7.09,1.5,6.5,2.08,10.64,9.75,1.09,44.55,1.83,24.37,CEM I 42.5N,365,crushed,C30/37,,50,16,100,200,0.27,0,5,"0,2-0,4",0.4,,,,,
road bridge A segment N,bridge,base,1.2,16.32,7.27,1.3,9,2.24,8.72,11.70,0.75,38.42,1.65,23.32,CEM I 42.5N,350,crushed,C30/37,41.1,50,16,100,200,0.34,0,6,"0,2-0,3",0.3,,,,,
road bridge A segment S,bridge,base + 1 side,1.2,17.33,7.27,1.3,9,2.38,8.72,11.70,0.75,38.42,1.65,23.32,CEM I 42.5N,350,crushed,C30/37,41.1,50,16,100,200,0.34,0,10,"0,1-0,3",0.3,,,,,
road bridge B segment N,bridge,base,1.2,17.34,7.15,1.3,9,2.43,8.58,11.70,0.73,36.55,1.65,22.18,CEM I 42.5N,350,crushed,C30/37,41.7,50,16,100,200,0.34,0,4,"0,2-0,3",0.3,,,,,
road bridge B segment S,bridge,base + 1 side,1.2,16.32,7.15,1.3,9,2.28,8.58,11.70,0.73,36.55,1.65,22.18,CEM I 42.5N,350,crushed,C30/37,41.7,50,16,100,200,0.34,0,4,"0,2-0,3",0.3,,,,,
river bridge A segment N,bridge,base,1.2,20.27,9.57,1.3,8,2.12,11.48,10.40,1.10,87.51,1.46,59.75,CEM I 42.5N,350,crushed,C30/37,40.2,50,16,100,200,0.34,0,2,0.2,0.2,,,,,
river bridge A segment S,bridge,base + 1 side,1.2,20.27,9.57,1.3,8,2.12,11.48,10.40,1.10,87.51,1.46,59.75,CEM I 42.5N,350,crushed,C30/37,40.2,50,16,100,200,0.34,0,5,0.2,0.2,,,,,
river bridge A segment N,bridge,base,1.2,20.27,9.41,1.3,8,2.15,11.29,10.40,1.09,83.32,1.46,56.89,CEM I 42.5N,350,crushed,C30/37,37.4,50,16,100,200,0.34,0,2,0.2,0.2,,,,,
river bridge A segment S,bridge,base + 1 side,1.2,20.27,9.41,1.3,8,2.15,11.29,10.40,1.09,83.32,1.46,56.89,CEM I 42.5N,350,crushed,C30/37,37.4,50,16,100,200,0.34,0,4,0.2,0.2,,,,,
frame bridge #1 abutment #1 segment 1,bridge,base + top,0.7,22,5.144,0.9,3,4.28,3.60,2.70,1.33,7.94,0.18,43.57,CEM I 52.5N,380,crushed,C35/45,,50,12,100,200,0.32,0,4,"0,2-0,3",0.3,,,,,
frame bridge #1 abutment #1 segment 2,bridge,base + 1 side + top,0.7,22,5.144,0.9,3,4.28,3.60,2.70,1.33,7.94,0.18,43.57,CEM I 52.5N,380,crushed,C35/45,,50,12,100,200,0.32,0,4,"0,1-0,2",0.2,,,,,
frame bridge #1 abutment #1 segment 3,bridge,base + 1 side + top,0.7,22,5.144,0.9,3,4.28,3.60,2.70,1.33,7.94,0.18,43.57,CEM I 52.5N,380,crushed,C35/45,,50,12,100,200,0.32,0,3,0.2,0.2,,,,,
frame bridge #1 abutment #1 segment 4,bridge,base + 1 side + top,0.7,22,5.144,0.9,3,4.28,3.60,2.70,1.33,7.94,0.18,43.57,CEM I 52.5N,380,crushed,C35/45,,50,12,100,200,0.32,0,8,"0,1-0,2",0.2,,,,,
frame bridge #1 abutment #2 segment 1,bridge,base + top,0.7,22,5.144,0.9,3,4.28,3.60,2.70,1.33,7.94,0.18,43.57,CEM I 52.5N,380,crushed,C35/45,,50,12,100,200,0.32,0,5,"0,2-0,3",0.3,,,,,
frame bridge #1 abutment #2 segment 2,bridge,base + 1 side + top,0.7,22,5.144,0.9,3,4.28,3.60,2.70,1.33,7.94,0.18,43.57,CEM I 52.5N,380,crushed,C35/45,,50,12,100,200,0.32,0,5,"0,1-0,2",0.2,,,,,
frame bridge #1 abutment #2 segment 3,bridge,base + 1 side + top,0.7,22,5.144,0.9,3,4.28,3.60,2.70,1.33,7.94,0.18,43.57,CEM I 52.5N,380,crushed,C35/45,,50,12,100,200,0.32,0,4,"0,1-0,2",0.2,,,,,
frame bridge #1 abutment #2 segment 4,bridge,base + 1 side + top,0.7,22,5.144,0.9,3,4.28,3.60,2.70,1.33,7.94,0.18,43.57,CEM I 52.5N,380,crushed,C35/45,,50,12,100,200,0.32,0,10,"0,1-0,3",0.3,,,,,
frame bridge #2 abutment #1 segment 1,bridge,base + top,0.7,21,4.95,0.8,3,4.24,3.47,2.40,1.44,7.08,0.13,55.27,CEM I 52.5N,380,crushed,C35/45,,50,12,100,200,0.32,0,6,"0,3-0,4",0.4,,,,,
frame bridge #2 abutment #1 segment 2,bridge,base + 1 side + top,0.7,21,4.95,0.8,3,4.24,3.47,2.40,1.44,7.08,0.13,55.27,CEM I 52.5N,380,crushed,C35/45,,50,12,100,200,0.32,0,9,"0,2-0,4",0.4,,,,,
frame bridge #2 abutment #1 segment 3,bridge,base + top,0.7,21,4.95,0.8,3,4.24,3.47,2.40,1.44,7.08,0.13,55.27,CEM I 52.5N,380,crushed,C35/45,,50,12,100,200,0.32,0,4,"0,2-0,4",0.4,,,,,
frame bridge #2 abutment #1 segment 4,bridge,base + 1 side + top,0.7,21,4.95,0.8,3,4.24,3.47,2.40,1.44,7.08,0.13,55.27,CEM I 52.5N,380,crushed,C35/45,,50,12,100,200,0.32,0,13,"0,1-0,3",0.3,,,,,
frame bridge #2 abutment #2 segment 1,bridge,base + top,0.7,24,4.6,0.9,3,5.22,3.22,2.70,1.19,5.68,0.18,31.15,CEM I 52.5N,380,crushed,C35/45,,50,12,100,200,0.32,0,0,0,0,,,,,
frame bridge #2 abutment #2 segment 2,bridge,base + 1 side + top,0.7,23,4.6,0.9,3,5.00,3.22,2.70,1.19,5.68,0.18,31.15,CEM I 52.5N,380,crushed,C35/45,,50,12,100,200,0.32,0,4,"0,3-0,4",0.4,,,,,
frame bridge #2 abutment #2 segment 3,bridge,base + top,0.7,24,4.6,0.9,3,5.22,3.22,2.70,1.19,5.68,0.18,31.15,CEM I 52.5N,380,crushed,C35/45,,50,12,100,200,0.32,0,1,0.1,0.1,,,,,
frame bridge #2 abutment #2 segment 4,bridge,base + 1 side + top,0.7,23,4.6,0.9,3,5.00,3.22,2.70,1.19,5.68,0.18,31.15,CEM I 52.5N,380,crushed,C35/45,,50,12,100,200,0.32,0,2,0.4,0.4,,,,,
frame bridge #3 abutment #1 segment 1,bridge,base + top,0.75,25.2,2.53,0.9,4,9.96,1.90,3.60,0.53,1.01,0.24,4.17,CEM I 52.5N,380,crushed,C35/45,,50,22.64,75,200,1.43,0,4,"0,1-0,3",0.3,,,,,
frame bridge #3 abutment #1 segment 2,bridge,base + 1 side + top,0.75,25.2,2.53,0.9,4,9.96,1.90,3.60,0.53,1.01,0.24,4.17,CEM I 52.5N,380,crushed,C35/45,,50,22.64,75,200,1.43,0,6,"0,1-0,3",0.3,,,,,
frame bridge #3 abutment #2 segment 1,bridge,base + top,0.75,25.2,2.53,0.9,4,9.96,1.90,3.60,0.53,1.01,0.24,4.17,CEM I 52.5N,380,crushed,C35/45,,50,22.64,75,200,1.43,0,3,0.1,0.1,,,,,
frame bridge #3 abutment #2 segment 2,bridge,base + 1 side + top,0.75,25.2,2.53,0.9,4,9.96,1.90,3.60,0.53,1.01,0.24,4.17,CEM I 52.5N,380,crushed,C35/45,,50,22.64,75,200,1.43,0,5,"0,1-0,2",0.2,,,,,
frame bridge #4 abutment #1 segment 1,bridge,base + top,0.75,20.09,5.2,0.9,4,3.86,3.90,3.60,1.08,8.79,0.24,36.16,CEM I 52.5N,380,crushed,C35/45,,50,25,150,200,0.87,0,6,"0,1-0,3",0.3,,,,,
frame bridge #4 abutment #1 segment 2,bridge,base + 1 side + top,0.75,20.09,5.2,0.9,4,3.86,3.90,3.60,1.08,8.79,0.24,36.16,CEM I 52.5N,380,crushed,C35/45,,50,25,150,200,0.87,0,7,"0,1-0,3",0.3,,,,,
frame bridge #4 abutment #2 segment 1,bridge,base + top,0.75,20.09,5.2,0.9,4,3.86,3.90,3.60,1.08,8.79,0.24,36.16,CEM I 52.5N,380,crushed,C35/45,,50,25,150,200,0.87,0,6,"0,1-0,2",0.2,,,,,
frame bridge #4 abutment #2 segment 2,bridge,base + 1 side + top,0.75,20.09,5.2,0.9,4,3.86,3.90,3.60,1.08,8.79,0.24,36.16,CEM I 52.5N,380,crushed,C35/45,,50,25,150,200,0.87,0,7,"0,1-0,3",0.3,,,,,
frame bridge #5 abutment #1 segment 1,bridge,base + top,0.9,22.79,5.35,0.9,4,4.26,4.82,3.60,1.34,11.48,0.24,47.26,CEM I 52.5N,380,crushed,C35/45,,50,25,125,200,0.87,0,11,"0,1-0,3",0.3,,,,,
frame bridge #5 abutment #1 segment 2,bridge,base + 1 side + top,0.9,25.79,5.35,0.9,4,4.82,4.82,3.60,1.34,11.48,0.24,47.26,CEM I 52.5N,380,crushed,C35/45,,50,25,125,200,0.87,0,17,"0,1-0,4",0.4,,,,,
frame bridge #5 abutment #2 segment 1,bridge,base + top,0.9,22.79,5.35,0.9,4,4.26,4.82,3.60,1.34,11.48,0.24,47.26,CEM I 52.5N,380,crushed,C35/45,,50,25,125,200,0.87,0,10,"0,1-0,4",0.4,,,,,
frame bridge #5 abutment #2 segment 2,bridge,base + 1 side + top,0.9,25.79,5.35,0.9,4,4.82,4.82,3.60,1.34,11.48,0.24,47.26,CEM I 52.5N,380,crushed,C35/45,,50,25,125,200,0.87,0,16,"0,1-0,4",0.4,,,,,
frame bridge #6 abutment #1 segment 1,bridge,base + top,0.75,21.69,5.6,0.9,4,3.87,4.20,3.60,1.17,10.98,0.24,45.17,CEM I 52.5N,380,crushed,C35/45,,50,20,75,200,1.12,0,3,"0,2-0,3",0.3,,,,,
frame bridge #6 abutment #1 segment 2,bridge,base + 1 side + top,0.75,21.69,5.6,0.9,4,3.87,4.20,3.60,1.17,10.98,0.24,45.17,CEM I 52.5N,380,crushed,C35/45,,50,20,75,200,1.12,0,7,"0,2-0,3",0.3,,,,,
frame bridge #6 abutment #2 segment 1,bridge,base + top,0.75,21.69,5.6,0.9,4,3.87,4.20,3.60,1.17,10.98,0.24,45.17,CEM I 52.5N,380,crushed,C35/45,,50,20,75,200,1.12,0,2,"0,1-0,2",0.2,,,,,
frame bridge #6 abutment #2 segment 2,bridge,base + 1 side + top,0.75,21.69,5.6,0.9,4,3.87,4.20,3.60,1.17,10.98,0.24,45.17,CEM I 52.5N,380,crushed,C35/45,,50,20,75,200,1.12,0,7,"0,2-0,3",0.3,,,,,
frame bridge #7 abutment #2 segment 1,bridge,base + top,0.75,21.1,5.5,0.9,4.5,3.84,4.13,4.05,1.02,10.40,0.27,38.04,CEM I 52.5N,380,crushed,C35/45,,50,22.64,75,200,1.43,0,0,0,0,,,,,
frame bridge #7 abutment #2 segment 2,bridge,base + 1 side + top,0.75,21.1,5.5,0.9,4.5,3.84,4.13,4.05,1.02,10.40,0.27,38.04,CEM I 52.5N,380,crushed,C35/45,,50,22.64,75,200,1.43,0,7,"0,2-0,3",0.3,,,,,
frame bridge #7 abutment #1 segment 1,bridge,base + top,0.75,21.1,5.5,0.9,4.5,3.84,4.13,4.05,1.02,10.40,0.27,38.04,CEM I 52.5N,380,crushed,C35/45,,50,22.64,75,200,1.43,0,0,0,0,,,,,
frame bridge #7 abutment #1 segment 2,bridge,base + 1 side + top,0.75,21.1,5.5,0.9,4.5,3.84,4.13,4.05,1.02,10.40,0.27,38.04,CEM I 52.5N,380,crushed,C35/45,,50,22.64,75,200,1.43,0,7,"0,1-0,2",0.2,,,,,
frame bridge #8 abutment #1 segment 1,bridge,base + top,0.8,22.4,5.55,0.9,4.5,4.04,4.44,4.05,1.10,11.40,0.27,41.69,CEM I 52.5N,380,crushed,C35/45,,50,20,75,200,1.05,0,10,"0,2-0,3",0.3,,,,,
frame bridge #8 abutment #1 segment 2,bridge,base + 1 side + top,0.8,22.4,5.55,0.9,4.5,4.04,4.44,4.05,1.10,11.40,0.27,41.69,CEM I 52.5N,380,crushed,C35/45,,50,20,75,200,1.05,0,11,"0,2-0,3",0.3,,,,,
frame bridge #8 abutment #2 segment 1,bridge,base + top,0.8,22.4,5.55,0.9,4.5,4.04,4.44,4.05,1.10,11.40,0.27,41.69,CEM I 52.5N,380,crushed,C35/45,65,50,20,75,200,1.05,0,10,"0,2-0,3",0.3,,,,,
frame bridge #8 abutment #2 segment 2,bridge,base + 1 side + top,0.8,22.4,5.55,0.9,4.5,4.04,4.44,4.05,1.10,11.40,0.27,41.69,CEM I 52.5N,380,crushed,C35/45,65,50,20,75,200,1.05,0,11,"0,1-0,2",0.2,,,,,
frame bridge #9 abutment #1 segment 1,bridge,base + top,0.75,25.59,6,0.9,4.5,4.27,4.50,4.05,1.11,13.50,0.27,49.38,CEM I 52.5N,380,crushed,C35/45,,50,22.64,75,200,1.43,0,7,"0,2-0,3",0.3,,,,,
frame bridge #9 abutment #1 segment 2,bridge,base + 1 side + top,0.75,25.59,6,0.9,4.5,4.27,4.50,4.05,1.11,13.50,0.27,49.38,CEM I 52.5N,380,crushed,C35/45,,50,22.64,75,200,1.43,0,8,"0,1-0,4",0.4,,,,,
frame bridge #9 abutment #2 segment 1,bridge,base + top,0.75,25.59,6,0.9,4.5,4.27,4.50,4.05,1.11,13.50,0.27,49.38,CEM I 52.5N,380,crushed,C35/45,,50,22.64,75,200,1.43,0,11,"0,1-0,3",0.3,,,,,
frame bridge #9 abutment #2 segment 2,bridge,base + 1 side + top,0.75,25.59,6,0.9,4.5,4.27,4.50,4.05,1.11,13.50,0.27,49.38,CEM I 52.5N,380,crushed,C35/45,,50,22.64,75,200,1.43,0,9,"0,1-0,4",0.4,,,,,
frame bridge #10 abutment #1 segment 1,bridge,base + top,0.75,20.5,5.2,0.9,4.5,3.94,3.90,4.05,0.96,8.79,0.27,32.15,CEM I 52.5N,380,crushed,C35/45,,50,22.64,75,200,1.43,0,3,"0,2-0,4",0.4,,,,,
frame bridge #10 abutment #1 segment 2,bridge,base + 1 side + top,0.75,20.5,5.2,0.9,4.5,3.94,3.90,4.05,0.96,8.79,0.27,32.15,CEM I 52.5N,380,crushed,C35/45,,50,22.64,75,200,1.43,0,10,"0,1-0,3",0.3,,,,,
frame bridge #10 abutment #2 segment 1,bridge,base + top,0.75,20.5,5.2,0.9,4.5,3.94,3.90,4.05,0.96,8.79,0.27,32.15,CEM I 52.5N,380,crushed,C35/45,,50,22.64,75,200,1.43,0,2,0.3,0.3,,,,,
frame bridge #10 abutment #2 segment 2,bridge,base + 1 side + top,0.75,20.5,5.2,0.9,4.5,3.94,3.90,4.05,0.96,8.79,0.27,32.15,CEM I 52.5N,380,crushed,C35/45,,50,22.64,75,200,1.43,0,3,"0,2-0,3",0.3,,,,,
frame bridge #11 abutment #2 segment 1,bridge,base + top,0.75,21.2,5.7,0.9,4.5,3.72,4.28,4.05,1.06,11.57,0.27,42.34,CEM I 52.5N,380,crushed,C35/45,,50,20.00,75,200,1.12,0,7,"0,1-0,2",0.2,,,,,
frame bridge #11 abutment #2 segment 2,bridge,base + 1 side + top,0.75,21.2,5.7,0.9,4.5,3.72,4.28,4.05,1.06,11.57,0.27,42.34,CEM I 52.5N,380,crushed,C35/45,,50,20.00,75,200,1.12,0,12,"0,1-0,2",0.2,,,,,
frame bridge #11 abutment #1 segment 1,bridge,base + top,0.75,21.2,5.7,0.9,4.5,3.72,4.28,4.05,1.06,11.57,0.27,42.34,CEM I 52.5N,380,crushed,C35/45,,50,20.00,75,200,1.12,0,7,"0,1-0,2",0.2,,,,,
frame bridge #11 abutment #1 segment 2,bridge,base + 1 side + top,0.75,21.2,5.7,0.9,4.5,3.72,4.28,4.05,1.06,11.57,0.27,42.34,CEM I 52.5N,380,crushed,C35/45,,50,20.00,75,200,1.12,0,9,"0,1-0,2",0.2,,,,,
frame bridge #12 abutment #1 segment 1,bridge,base + top,0.8,23.39,5.215,0.9,4.5,4.49,4.17,4.05,1.03,9.46,0.27,34.59,CEM I 52.5N,380,crushed,C35/45,55,50,20,75,200,1.05,0,10,"0,1-0,3",0.3,,,,,
frame bridge #12 abutment #1 segment 2,bridge,base + 1 side + top,0.8,23.39,5.215,0.9,4.5,4.49,4.17,4.05,1.03,9.46,0.27,34.59,CEM I 52.5N,380,crushed,C35/45,55,50,20,75,200,1.05,0,12,"0,1-0,3",0.3,,,,,
frame bridge #12 abutment #2 segment 1,bridge,base + top,0.8,23.39,5.215,0.9,4.5,4.49,4.17,4.05,1.03,9.46,0.27,34.59,CEM I 52.5N,380,crushed,C35/45,55,50,20,75,200,1.05,0,11,"0,1-0,3",0.3,,,,,
frame bridge #12 abutment #2 segment 2,bridge,base + 1 side + top,0.8,23.39,5.215,0.9,4.5,4.49,4.17,4.05,1.03,9.46,0.27,34.59,CEM I 52.5N,380,crushed,C35/45,55,50,20,75,200,1.05,0,14,"0,1-0,3",0.3,,,,,
frame bridge #13 abutment #1 segment 1,bridge,base + top,1,24.79,5.3,0.9,4,4.68,5.30,3.60,1.47,12.41,0.24,51.06,CEM I 52.5N,380,crushed,C35/45,,50,25,125,200,0.79,0,6,"0,1-0,4",0.4,,,,,
frame bridge #13 abutment #1 segment 2,bridge,base + 1 side + top,1,24.79,5.3,0.9,4,4.68,5.30,3.60,1.47,12.41,0.24,51.06,CEM I 52.5N,380,crushed,C35/45,,50,25,125,200,0.79,0,10,"0,1-0,2",0.2,,,,,
frame bridge #13 abutment #2 segment 1,bridge,base + top,1,24.79,5.3,0.9,4,4.68,5.30,3.60,1.47,12.41,0.24,51.06,CEM I 52.5N,380,crushed,C35/45,,50,25,125,200,0.79,0,7,"0,1-0,3",0.3,,,,,
frame bridge #13 abutment #2 segment 2,bridge,base + 1 side + top,1,24.79,5.3,0.9,4,4.68,5.30,3.60,1.47,12.41,0.24,51.06,CEM I 52.5N,380,crushed,C35/45,,50,25,125,200,0.79,0,9,"0,1-0,2",0.2,,,,,
frame bridge #14 abutment #1 segment 1,bridge,base + top,0.75,24.29,5.45,0.9,4,4.46,4.09,3.60,1.14,10.12,0.24,41.64,CEM I 52.5N,380,crushed,C35/45,,50,22.64,75,200,1.43,0,3,"0,1-0,2",0.2,,,,,
frame bridge #14 abutment #1 segment 2,bridge,base + 1 side + top,0.75,24.29,5.45,0.9,4,4.46,4.09,3.60,1.14,10.12,0.24,41.64,CEM I 52.5N,380,crushed,C35/45,,50,22.64,75,200,1.43,0,15,"0,1-0,2",0.2,,,,,
frame bridge #14 abutment #2 segment 1,bridge,base + top,0.75,24.29,5.45,0.9,4,4.46,4.09,3.60,1.14,10.12,0.24,41.64,CEM I 52.5N,380,crushed,C35/45,,50,22.64,75,200,1.43,0,2,0.4,0.4,,,,,
frame bridge #14 abutment #2 segment 2,bridge,base + 1 side + top,0.75,24.29,5.45,0.9,4,4.46,4.09,3.60,1.14,10.12,0.24,41.64,CEM I 52.5N,380,crushed,C35/45,,50,22.64,75,200,1.43,0,12,"0,1-0,2",0.2,,,,,
rectangular tank - wall SC1 - phase 2 internal,tank,base,0.75,30.2,1.8,0.75,39.5,16.78,1.35,29.63,0.05,0.36,1.39,0.26,CEM III/A 42.5N ,330,gravel,C20/25,32,50,25,150,200,0.87,0,14,0.3,0.3,,,,,
rectangular tank - wall SC1 - phase 3 (added) internal,tank,base,0.5,15,3,0.75,39.5,5.00,1.50,29.63,0.05,1.13,1.39,0.81,CEM III/A 42.5N ,330,gravel,C20/25,32,50,20,150,200,0.84,0,4,0.1,0.1,,,,,
rectangular tank - wall SC1 - phase 4 internal,tank,base + 1 side,0.5,15.3,3,0.75,39.5,5.10,1.50,29.63,0.05,1.13,1.39,0.81,CEM II/B-S 32.5R,330,gravel,C20/25,32,50,20,150,200,0.84,0,13,0.25,0.25,,,,,
rectangular tank - wall SC1 - phase 2 external,tank,base,0.75,30.2,1.8,0.75,39.5,16.78,1.35,29.63,0.05,0.36,1.39,0.26,CEM III/A 42.5N ,330,gravel,C20/25,32,50,25,100,200,1.31,0,29,0.25,0.25,,,,,
rectangular tank - wall SC1 - phase 3 (added) external,tank,base,0.5,15,3,0.75,39.5,5.00,1.50,29.63,0.05,1.13,1.39,0.81,CEM III/A 42.5N ,330,gravel,C20/25,32,50,20,100,200,1.26,0,0,0,0,,,,,
rectangular tank - wall SC1 - phase 4 external,tank,base + 1 side,0.5,15.3,3,0.75,39.5,5.10,1.50,29.63,0.05,1.13,1.39,0.81,CEM II/B-S 32.5R,330,gravel,C20/25,32,50,20,100,200,1.26,0,12,0.2,0.2,,,,,
rectangular tank - wall SC8a - segment 1 (added),tank,base,0.35,14.25,4.4,0.75,39.5,3.24,1.54,29.63,0.05,2.48,1.39,1.79,CEM III/A 42.5N ,330,gravel,C20/25,32,50,20,150,200,1.20,0,11,0.35,0.35,,,,,
rectangular tank - wall SC8a - segment 2 (added),tank,base + 1 side,0.35,16.35,4.4,0.75,39.5,3.72,1.54,29.63,0.05,2.48,1.39,1.79,CEM II/B-S 32.5R ,330,gravel,C20/25,32,50,20,150,200,1.20,0,17,0.3,0.3,,,,,
rectangular tank - wall SC8b - segment 1 (added),tank,base,0.35,14.25,4.4,0.75,39.5,3.24,1.54,29.63,0.05,2.48,1.39,1.79,CEM II/B-S 32.5R ,330,gravel,C20/25,32,50,20,150,200,1.20,0,10,0.25,0.25,,,,,
rectangular tank - wall SC8b - segment 2 (added),tank,base + 1 side,0.35,16.35,4.4,0.75,39.5,3.72,1.54,29.63,0.05,2.48,1.39,1.79,CEM II/B-S 32.5R ,330,gravel,C20/25,32,50,20,150,200,1.20,0,6,0.25,0.25,,,,,
reactor tank,tank,base + 2 sides,0.6,15.7,6.4,0.7,96.4,2.45,3.84,67.48,0.06,13.11,2.76,4.76,CEM III/A 32.5N,380,gravel,C30/37,32.13,40,20,62.5,200,1.68,0,77,0.15,0.15,,,,,
Civaux containment wall OPC,containment,base,1.2,20,1.9,0.4,15,10.53,2.28,6.00,0.38,0.69,0.08,8.57,CEM II/A 42.5R,350,gravel,C30/37,40.2,50,20,200,200,0.26,0,8,"0,04-0,2",0.2,,,,,
Civaux containment wall HPC,containment,base,1.2,20,1.9,0.4,15,10.53,2.28,6.00,0.38,0.69,0.08,8.57,CEM III/A 42.5R,306,gravel,C50/60,64.5,50,20,200,200,0.26,0,1,0.1,0.1,,,,,
cylindrical industrial sewage tank no. 1 (Segment no. 7 internal),tank,base + 2 sides,0.45,13.96,5.5,0.6,1.7,2.54,2.48,1.02,2.43,6.24,0.03,203.89,CEM II/B-S 32.5R,330,gravel,C20/25,32,50,16,125,200,0.71,0.045,6,0.3,0.3,,,,,
cylindrical industrial sewage tank no. 1 (Segment no. 8 internal),tank,base,0.45,13.97,5.5,0.6,1.7,2.54,2.48,1.02,2.43,6.24,0.03,203.89,CEM II/B-S 32.5R,330,gravel,C20/25,32,50,16,125,200,0.71,0.045,6,0.4,0.4,,,,,
cylindrical industrial sewage tank no. 1 (Segment no. 7 external),tank,base + 2 sides,0.45,13.96,5.5,0.6,1.7,2.54,2.48,1.02,2.43,6.24,0.03,203.89,CEM II/B-S 32.5R,330,gravel,C20/25,32,50,20,100,200,1.40,-0.045,8,0.125,0.125,,,,,
cylindrical industrial sewage tank no. 1 (Segment no. 8 external),tank,base,0.45,13.97,5.5,0.6,1.7,2.54,2.48,1.02,2.43,6.24,0.03,203.89,CEM II/B-S 32.5R,330,gravel,C20/25,32,50,20,100,200,1.40,-0.045,,0.15,0.15,,,,,
cylindrical industrial sewage tank no. 2 (Segment no. 1 internal),tank,base,0.45,13.94,5.5,0.6,1.7,2.53,2.48,1.02,2.43,6.24,0.03,203.89,CEM II/B-S 32.5R,330,gravel,C20/25,32,50,16,125,200,0.71,0.045,17,0.25,0.25,,,,,
cylindrical industrial sewage tank no. 2 (Segment no. 2 internal),tank,base + 2 sides,0.45,14.02,5.5,0.6,1.7,2.55,2.48,1.02,2.43,6.24,0.03,203.89,CEM II/B-S 32.5R,330,gravel,C20/25,32,50,16,125,200,0.71,0.045,12,0.25,0.25,,,,,
cylindrical industrial sewage tank no. 2 (Segment no. 3 internal),tank,base,0.45,13.88,5.5,0.6,1.7,2.52,2.48,1.02,2.43,6.24,0.03,203.89,CEM II/B-S 32.5R,330,gravel,C20/25,32,50,16,125,200,0.71,0.045,17,0.075,0.075,,,,,
cylindrical industrial sewage tank no. 2 (Segment no. 4 internal),tank,base + 2 sides,0.45,13.95,5.5,0.6,1.7,2.54,2.48,1.02,2.43,6.24,0.03,203.89,CEM II/B-S 32.5R,330,gravel,C20/25,32,50,16,125,200,0.71,0.045,26,0.25,0.25,,,,,
cylindrical industrial sewage tank no. 2 (Segment no. 5 internal),tank,base,0.45,13.91,5.5,0.6,1.7,2.53,2.48,1.02,2.43,6.24,0.03,203.89,CEM II/B-S 32.5R,330,gravel,C20/25,32,50,16,125,200,0.71,0.045,26,0.1,0.1,,,,,
cylindrical industrial sewage tank no. 2 (Segment no. 6 internal),tank,base + 2 sides,0.45,14.06,5.5,0.6,1.7,2.56,2.48,1.02,2.43,6.24,0.03,203.89,CEM II/B-S 32.5R,330,gravel,C20/25,32,50,16,125,200,0.71,0.045,16,0.25,0.25,,,,,
cylindrical industrial sewage tank no. 2 (Segment no. 7 internal),tank,base,0.45,13.88,5.5,0.6,1.7,2.52,2.48,1.02,2.43,6.24,0.03,203.89,CEM II/B-S 32.5R,330,gravel,C20/25,32,50,16,125,200,0.71,0.045,9,0.15,0.15,,,,,
cylindrical industrial sewage tank no. 2 (Segment no. 8 internal),tank,base + 2 sides,0.45,13.99,5.5,0.6,1.7,2.54,2.48,1.02,2.43,6.24,0.03,203.89,CEM II/B-S 32.5R,330,gravel,C20/25,32,50,16,125,200,0.71,0.045,29,0.25,0.25,,,,,
cylindrical industrial sewage tank no. 2 (Segment no. 9 internal),tank,base,0.45,13.84,5.5,0.6,1.7,2.52,2.48,1.02,2.43,6.24,0.03,203.89,CEM II/B-S 32.5R,330,gravel,C20/25,32,50,16,125,200,0.71,0.045,45,0.15,0.15,,,,,
cylindrical industrial sewage tank no. 2 (Segment no. 10 internal),tank,base + 2 sides,0.45,13.98,5.5,0.6,1.7,2.54,2.48,1.02,2.43,6.24,0.03,203.89,CEM II/B-S 32.5R,330,gravel,C20/25,32,50,16,125,200,0.71,0.045,22,0.2,0.2,,,,,
cylindrical industrial sewage tank no. 2 (Segment no. 1 external),tank,base,0.45,13.94,5.5,0.6,1.7,2.53,2.48,1.02,2.43,6.24,0.03,203.89,CEM II/B-S 32.5R,330,gravel,C20/25,32,50,20,100,200,1.40,-0.045,8,0.125,0.125,,,,,
cylindrical industrial sewage tank no. 2 (Segment no. 2 external),tank,base + 2 sides,0.45,14.02,5.5,0.6,1.7,2.55,2.48,1.02,2.43,6.24,0.03,203.89,CEM II/B-S 32.5R,330,gravel,C20/25,32,50,20,100,200,1.40,-0.045,13,0.125,0.125,,,,,
cylindrical industrial sewage tank no. 2 (Segment no. 3 external),tank,base,0.45,13.88,5.5,0.6,1.7,2.52,2.48,1.02,2.43,6.24,0.03,203.89,CEM II/B-S 32.5R,330,gravel,C20/25,32,50,20,100,200,1.40,-0.045,31,0.075,0.075,,,,,
cylindrical industrial sewage tank no. 2 (Segment no. 4 external),tank,base + 2 sides,0.45,13.95,5.5,0.6,1.7,2.54,2.48,1.02,2.43,6.24,0.03,203.89,CEM II/B-S 32.5R,330,gravel,C20/25,32,50,20,100,200,1.40,-0.045,29,0.125,0.125,,,,,
cylindrical industrial sewage tank no. 2 (Segment no. 5 external),tank,base,0.45,13.91,5.5,0.6,1.7,2.53,2.48,1.02,2.43,6.24,0.03,203.89,CEM II/B-S 32.5R,330,gravel,C20/25,32,50,20,100,200,1.40,-0.045,9,0.075,0.075,,,,,
cylindrical industrial sewage tank no. 2 (Segment no. 6 external),tank,base + 2 sides,0.45,14.06,5.5,0.6,1.7,2.56,2.48,1.02,2.43,6.24,0.03,203.89,CEM II/B-S 32.5R,330,gravel,C20/25,32,50,20,100,200,1.40,-0.045,18,0.125,0.125,,,,,
cylindrical industrial sewage tank no. 2 (Segment no. 7 external),tank,base,0.45,13.88,5.5,0.6,1.7,2.52,2.48,1.02,2.43,6.24,0.03,203.89,CEM II/B-S 32.5R,330,gravel,C20/25,32,50,20,100,200,1.40,-0.045,8,0.1,0.1,,,,,
cylindrical industrial sewage tank no. 2 (Segment no. 8 external),tank,base + 2 sides,0.45,13.99,5.5,0.6,1.7,2.54,2.48,1.02,2.43,6.24,0.03,203.89,CEM II/B-S 32.5R,330,gravel,C20/25,32,50,20,100,200,1.40,-0.045,13,0.1,0.1,,,,,
cylindrical industrial sewage tank no. 2 (Segment no. 9 external),tank,base,0.45,13.84,5.5,0.6,1.7,2.52,2.48,1.02,2.43,6.24,0.03,203.89,CEM II/B-S 32.5R,330,gravel,C20/25,32,50,20,100,200,1.40,-0.045,18,0.125,0.125,,,,,
cylindrical industrial sewage tank no. 2 (Segment no. 10 external),tank,base + 2 sides,0.45,13.98,5.5,0.6,1.7,2.54,2.48,1.02,2.43,6.24,0.03,203.89,CEM II/B-S 32.5R,330,gravel,C20/25,32,50,20,100,200,1.40,-0.045,5,0.1,0.1,,,,,
cylindrical industrial sewage tank no. 3 (Segment no. 1 internal),tank,base,0.45,13.89,5.5,0.6,1.7,2.53,2.48,1.02,2.43,6.24,0.03,203.89,CEM II/B-S 32.5R,330,gravel,C20/25,32,50,16,125,200,0.71,0.045,8,0.35,0.35,,,,,
cylindrical industrial sewage tank no. 3 (Segment no. 2 internal),tank,base + 2 sides,0.45,13.84,5.5,0.6,1.7,2.52,2.48,1.02,2.43,6.24,0.03,203.89,CEM II/B-S 32.5R,330,gravel,C20/25,32,50,16,125,200,0.71,0.045,7,0.25,0.25,,,,,
cylindrical industrial sewage tank no. 3 (Segment no. 3 internal),tank,base,0.45,13.85,5.5,0.6,1.7,2.52,2.48,1.02,2.43,6.24,0.03,203.89,CEM II/B-S 32.5R,330,gravel,C20/25,32,50,16,125,200,0.71,0.045,4,0.35,0.35,,,,,
cylindrical industrial sewage tank no. 3 (Segment no. 4 internal),tank,base + 2 sides,0.45,13.74,5.5,0.6,1.7,2.50,2.48,1.02,2.43,6.24,0.03,203.89,CEM II/B-S 32.5R,330,gravel,C20/25,32,50,16,125,200,0.71,0.045,10,0.3,0.3,,,,,
cylindrical industrial sewage tank no. 3 (Segment no. 5 internal),tank,base,0.45,13.84,5.5,0.6,1.7,2.52,2.48,1.02,2.43,6.24,0.03,203.89,CEM II/B-S 32.5R,330,gravel,C20/25,32,50,16,125,200,0.71,0.045,4,0.4,0.4,,,,,
cylindrical industrial sewage tank no. 3 (Segment no. 6 internal),tank,base + 2 sides,0.45,13.83,5.5,0.6,1.7,2.51,2.48,1.02,2.43,6.24,0.03,203.89,CEM II/B-S 32.5R,330,gravel,C20/25,32,50,16,125,200,0.71,0.045,4,0.3,0.3,,,,,
cylindrical industrial sewage tank no. 3 (Segment no. 7 internal),tank,base,0.45,13.88,5.5,0.6,1.7,2.52,2.48,1.02,2.43,6.24,0.03,203.89,CEM II/B-S 32.5R,330,gravel,C20/25,32,50,16,125,200,0.71,0.045,2,0.2,0.2,,,,,
cylindrical industrial sewage tank no. 3 (Segment no. 8 internal),tank,base + 2 sides,0.45,13.8,5.5,0.6,1.7,2.51,2.48,1.02,2.43,6.24,0.03,203.89,CEM II/B-S 32.5R,330,gravel,C20/25,32,50,16,125,200,0.71,0.045,6,0.2,0.2,,,,,
cylindrical industrial sewage tank no. 3 (Segment no. 9 internal),tank,base,0.45,13.81,5.5,0.6,1.7,2.51,2.48,1.02,2.43,6.24,0.03,203.89,CEM II/B-S 32.5R,330,gravel,C20/25,32,50,16,125,200,0.71,0.045,9,0.15,0.15,,,,,
cylindrical industrial sewage tank no. 3 (Segment no. 10 internal),tank,base + 2 sides,0.45,13.75,5.5,0.6,1.7,2.50,2.48,1.02,2.43,6.24,0.03,203.89,CEM II/B-S 32.5R,330,gravel,C20/25,32,50,16,125,200,0.71,0.045,4,0.3,0.3,,,,,
cylindrical industrial sewage tank no. 3 (Segment no. 1 external),tank,base,0.45,13.89,5.5,0.6,1.7,2.53,2.48,1.02,2.43,6.24,0.03,203.89,CEM II/B-S 32.5R,330,gravel,C20/25,32,50,20,100,200,1.40,-0.045,4,0.15,0.15,,,,,
cylindrical industrial sewage tank no. 3 (Segment no. 3 external),tank,base,0.45,13.85,5.5,0.6,1.7,2.52,2.48,1.02,2.43,6.24,0.03,203.89,CEM II/B-S 32.5R,330,gravel,C20/25,32,50,20,100,200,1.40,-0.045,2,0.15,0.15,,,,,
cylindrical industrial sewage tank no. 3 (Segment no. 5 extrenal),tank,base,0.45,13.84,5.5,0.6,1.7,2.52,2.48,1.02,2.43,6.24,0.03,203.89,CEM II/B-S 32.5R,330,gravel,C20/25,32,50,20,100,200,1.40,-0.045,3,0.15,0.15,,,,,
cylindrical industrial sewage tank no. 3 (Segment no. 8 external),tank,base + 2 sides,0.45,13.8,5.5,0.6,1.7,2.51,2.48,1.02,2.43,6.24,0.03,203.89,CEM II/B-S 32.5R,330,gravel,C20/25,32,50,20,100,200,1.40,-0.045,1,0.125,0.125,,,,,
cylindrical industrial sewage tank no. 3 (Segment no. 10 external),tank,base + 2 sides,0.45,13.75,5.5,0.6,1.7,2.50,2.48,1.02,2.43,6.24,0.03,203.89,CEM II/B-S 32.5R,330,gravel,C20/25,32,50,20,100,200,1.40,-0.045,1,0.1,0.1,,,,,
cylindrical industrial sewage tank no. 4 (Segment no. 1 internal),tank,base + 2 sides,0.45,13.95,5.5,0.6,1.7,2.54,2.48,1.02,2.43,6.24,0.03,203.89,CEM II/B-S 32.5R,330,gravel,C20/25,32,50,16,125,200,0.71,0.045,11,0.3,0.3,,,,,
cylindrical industrial sewage tank no. 4 (Segment no. 2 internal),tank,base,0.45,13.95,5.5,0.6,1.7,2.54,2.48,1.02,2.43,6.24,0.03,203.89,CEM II/B-S 32.5R,330,gravel,C20/25,32,50,16,125,200,0.71,0.045,2,0.2,0.2,,,,,
cylindrical industrial sewage tank no. 4 (Segment no. 3 internal),tank,base + 1 side,0.45,13.95,5.5,0.6,1.7,2.54,2.48,1.02,2.43,6.24,0.03,203.89,CEM II/B-S 32.5R,330,gravel,C20/25,32,50,16,125,200,0.71,0.045,4,0.3,0.3,,,,,
cylindrical industrial sewage tank no. 4 (Segment no. 4 internal),tank,base + 2 sides,0.45,13.95,5.5,0.6,1.7,2.54,2.48,1.02,2.43,6.24,0.03,203.89,CEM II/B-S 32.5R,330,gravel,C20/25,32,50,16,125,200,0.71,0.045,0,0,0,,,,,
cylindrical industrial sewage tank no. 4 (Segment no. 5 internal),tank,base,0.45,13.95,5.5,0.6,1.7,2.54,2.48,1.02,2.43,6.24,0.03,203.89,CEM II/B-S 32.5R,330,gravel,C20/25,32,50,16,125,200,0.71,0.045,0,0,0,,,,,
cylindrical industrial sewage tank no. 4 (Segment no. 6 internal),tank,base,0.45,13.95,5.5,0.6,1.7,2.54,2.48,1.02,2.43,6.24,0.03,203.89,CEM II/B-S 32.5R,330,gravel,C20/25,32,50,16,125,200,0.71,0.045,2,0.2,0.2,,,,,
cylindrical industrial sewage tank no. 4 (Segment no. 7 internal),tank,base + 2 sides,0.45,13.95,5.5,0.6,1.7,2.54,2.48,1.02,2.43,6.24,0.03,203.89,CEM II/B-S 32.5R,330,gravel,C20/25,32,50,16,125,200,0.71,0.045,11,0.3,0.3,,,,,
cylindrical industrial sewage tank no. 4 (Segment no. 8 internal),tank,base,0.45,13.95,5.5,0.6,1.7,2.54,2.48,1.02,2.43,6.24,0.03,203.89,CEM II/B-S 32.5R,330,gravel,C20/25,32,50,16,125,200,0.71,0.045,5,0.3,0.3,,,,,
cylindrical industrial sewage tank no. 4 (Segment no. 9 internal),tank,base + 2 sides,0.45,13.95,5.5,0.6,1.7,2.54,2.48,1.02,2.43,6.24,0.03,203.89,CEM II/B-S 32.5R,330,gravel,C20/25,32,50,16,125,200,0.71,0.045,5,0.4,0.4,,,,,
cylindrical industrial sewage tank no. 4 (Segment no. 10 internal),tank,base,0.45,13.95,5.5,0.6,1.7,2.54,2.48,1.02,2.43,6.24,0.03,203.89,CEM II/B-S 32.5R,330,gravel,C20/25,32,50,16,125,200,0.71,0.045,2,0.2,0.2,,,,,
cylindrical industrial sewage tank no. 4 (Segment no. 1 external),tank,base + 2 sides,0.45,13.95,5.5,0.6,1.7,2.54,2.48,1.02,2.43,6.24,0.03,203.89,CEM II/B-S 32.5R,330,gravel,C20/25,32,50,20,100,200,1.40,-0.045,6,0.175,0.175,,,,,
cylindrical industrial sewage tank no. 4 (Segment no. 2 external),tank,base,0.45,13.95,5.5,0.6,1.7,2.54,2.48,1.02,2.43,6.24,0.03,203.89,CEM II/B-S 32.5R,330,gravel,C20/25,32,50,20,100,200,1.40,-0.045,2,0.1,0.1,,,,,
cylindrical industrial sewage tank no. 4 (Segment no. 3 external),tank,base + 1 side,0.45,13.95,5.5,0.6,1.7,2.54,2.48,1.02,2.43,6.24,0.03,203.89,CEM II/B-S 32.5R,330,gravel,C20/25,32,50,20,100,200,1.40,-0.045,2,0.15,0.15,,,,,
cylindrical industrial sewage tank no. 4 (Segment no. 4 external),tank,base + 2 sides,0.45,13.95,5.5,0.6,1.7,2.54,2.48,1.02,2.43,6.24,0.03,203.89,CEM II/B-S 32.5R,330,gravel,C20/25,32,50,20,100,200,1.40,-0.045,0,0,0,,,,,
cylindrical industrial sewage tank no. 4 (Segment no. 5 external),tank,base,0.45,13.95,5.5,0.6,1.7,2.54,2.48,1.02,2.43,6.24,0.03,203.89,CEM II/B-S 32.5R,330,gravel,C20/25,32,50,20,100,200,1.40,-0.045,0,0,0,,,,,
cylindrical industrial sewage tank no. 4 (Segment no. 6 external),tank,base,0.45,13.95,5.5,0.6,1.7,2.54,2.48,1.02,2.43,6.24,0.03,203.89,CEM II/B-S 32.5R,330,gravel,C20/25,32,50,20,100,200,1.40,-0.045,1,0.1,0.1,,,,,
cylindrical industrial sewage tank no. 4 (Segment no. 7 external),tank,base + 2 sides,0.45,13.95,5.5,0.6,1.7,2.54,2.48,1.02,2.43,6.24,0.03,203.89,CEM II/B-S 32.5R,330,gravel,C20/25,32,50,20,100,200,1.40,-0.045,3,0.125,0.125,,,,,
cylindrical industrial sewage tank no. 4 (Segment no. 8 external),tank,base,0.45,13.95,5.5,0.6,1.7,2.54,2.48,1.02,2.43,6.24,0.03,203.89,CEM II/B-S 32.5R,330,gravel,C20/25,32,50,20,100,200,1.40,-0.045,3,0.125,0.125,,,,,
cylindrical industrial sewage tank no. 4 (Segment no. 9 external),tank,base + 2 sides,0.45,13.95,5.5,0.6,1.7,2.54,2.48,1.02,2.43,6.24,0.03,203.89,CEM II/B-S 32.5R,330,gravel,C20/25,32,50,20,100,200,1.40,-0.045,2,0.1,0.1,,,,,
cylindrical industrial sewage tank no. 4 (Segment no. 10 external),tank,base,0.45,13.95,5.5,0.6,1.7,2.54,2.48,1.02,2.43,6.24,0.03,203.89,CEM II/B-S 32.5R,330,gravel,C20/25,32,50,20,100,200,1.40,-0.045,2,0.1,0.1,,,,,
"laboratory by Stoffers (I, 1, ??v=0,4‰)",laboratory,base,0.06,3,0.375,-,-,8.00,0.02,0.0765,0.294,0.000264,inf.,0.0,CEM I 42.5N,300,sand,C20/25,30 (7x7x7 sample),5,0,,177,0,0,,0.174,0.2958,,,,,
"laboratory by Stoffers (I, 1, ??v=0,6‰)",laboratory,base,0.06,3,0.375,-,-,8.00,0.02,0.0765,0.294,0.000264,inf.,0.0,CEM I 42.5N,300,sand,C20/25,31 (7x7x7 sample),5,0,,177,0,0,,0.342,0.5814,,,,,
"laboratory by Stoffers (I, 1, ??v=0,8‰)",laboratory,base,0.06,3,0.375,-,-,8.00,0.02,0.0765,0.294,0.000264,inf.,0.0,CEM I 42.5N,300,sand,C20/25,32 (7x7x7 sample),5,0,,177,0,0,26,0.405,0.688,,,,,
"laboratory by Stoffers (I, 2, ??v=0,4‰)",laboratory,base,0.06,3,0.375,-,-,8.00,0.02,0.0765,0.294,0.000264,inf.,0.0,CEM I 42.5N,300,sand,C20/25,33 (7x7x7 sample),5,2.5,22,177,0.74,0,,0.042,0.0714,,,,,
"laboratory by Stoffers (I, 2, ??v=0,6‰)",laboratory,base,0.06,3,0.375,-,-,8.00,0.02,0.0765,0.294,0.000264,inf.,0.0,CEM I 42.5N,300,sand,C20/25,34 (7x7x7 sample),5,2.5,22,177,0.74,0,,0.05,0.085,,,,,
"laboratory by Stoffers (I, 2, ??v=0,8‰)",laboratory,base,0.06,3,0.375,-,-,8.00,0.02,0.0765,0.294,0.000264,inf.,0.0,CEM I 42.5N,300,sand,C20/25,35 (7x7x7 sample),5,2.5,22,177,0.74,0,,0.05,0.085,,,,,
"laboratory by Stoffers (I, 3, ??v=0,4‰)",laboratory,base,0.06,3,0.375,-,-,8.00,0.02,0.0765,0.294,0.000264,inf.,0.0,CEM I 42.5N,300,sand,C20/25,36 (7x7x7 sample),5,3,16,177,1.47,0,,0.016,0.0272,,,,,
"laboratory by Stoffers (I, 3, ??v=0,6‰)",laboratory,base,0.06,3,0.375,-,-,8.00,0.02,0.0765,0.294,0.000264,inf.,0.0,CEM I 42.5N,300,sand,C20/25,37 (7x7x7 sample),5,3,16,177,1.47,0,,0.024,0.0408,,,,,
"laboratory by Stoffers (I, 3, ??v=0,8‰)",laboratory,base,0.06,3,0.375,-,-,8.00,0.02,0.0765,0.294,0.000264,inf.,0.0,CEM I 42.5N,300,sand,C20/25,38 (7x7x7 sample),5,3,16,177,1.47,0,55,0.027,0.0459,,,,,
"laboratory by Stoffers (II, 4, ??v=0,4‰)",laboratory,base,0.06,2.5,0.375,-,-,6.67,0.02,0.0765,0.294,0.000264,inf.,0.0,CEM I 42.5N,300,sand,C20/25,39 (7x7x7 sample),5,2,43,177,0.24,0,,0.11,0.187,,,,,
"laboratory by Stoffers (II, 4, ??v=0,6‰)",laboratory,base,0.06,2.5,0.375,-,-,6.67,0.02,0.0765,0.294,0.000264,inf.,0.0,CEM I 42.5N,300,sand,C20/25,40 (7x7x7 sample),5,2,43,177,0.24,0,,0.184,0.3128,,,,,
"laboratory by Stoffers (II, 4, ??v=0,8‰)",laboratory,base,0.06,2.5,0.375,-,-,6.67,0.02,0.0765,0.294,0.000264,inf.,0.0,CEM I 42.5N,300,sand,C20/25,41 (7x7x7 sample),5,2,43,177,0.24,0,,0.195,0.3315,,,,,
"laboratory by Stoffers (II, 5, ??v=0,4‰)",laboratory,base,0.06,2.5,0.375,-,-,6.67,0.02,0.0765,0.294,0.000264,inf.,0.0,CEM I 42.5N,300,sand,C20/25,42 (7x7x7 sample),5,1.4,21,177,0.24,0,,0.149,0.2533,,,,,
"laboratory by Stoffers (II, 5, ??v=0,6‰)",laboratory,base,0.06,2.5,0.375,-,-,6.67,0.02,0.0765,0.294,0.000264,inf.,0.0,CEM I 42.5N,300,sand,C20/25,43 (7x7x7 sample),5,1.4,21,177,0.24,0,,0.259,0.4403,,,,,
"laboratory by Stoffers (II, 5, ??v=0,8‰)",laboratory,base,0.06,2.5,0.375,-,-,6.67,0.02,0.0765,0.294,0.000264,inf.,0.0,CEM I 42.5N,300,sand,C20/25,44 (7x7x7 sample),5,1.4,21,177,0.24,0,,0.273,0.4641,,,,,
"laboratory by Stoffers (II, 6, ??v=0,4‰)",laboratory,base,0.06,2.5,0.375,-,-,6.67,0.02,0.0765,0.294,0.000264,inf.,0.0,CEM I 42.5N,300,sand,C20/25,45 (7x7x7 sample),5,3,47,177,0.50,0,,0.106,0.1802,,,,,
"laboratory by Stoffers (II, 6, ??v=0,6‰)",laboratory,base,0.06,2.5,0.375,-,-,6.67,0.02,0.0765,0.294,0.000264,inf.,0.0,CEM I 42.5N,300,sand,C20/25,46 (7x7x7 sample),5,3,47,177,0.50,0,,0.125,0.2125,,,,,
"laboratory by Stoffers (II, 6, ??v=0,8‰)",laboratory,base,0.06,2.5,0.375,-,-,6.67,0.02,0.0765,0.294,0.000264,inf.,0.0,CEM I 42.5N,300,sand,C20/25,47 (7x7x7 sample),5,3,47,177,0.50,0,,0.138,0.2346,,,,,
"laboratory by Stoffers (II, 7, ??v=0,4‰)",laboratory,base,0.06,2.5,0.375,-,-,6.67,0.02,0.0765,0.294,0.000264,inf.,0.0,CEM I 42.5N,300,sand,C20/25,48 (7x7x7 sample),5,1.4,10,177,0.51,0,,0.077,0.1309,,,,,
"laboratory by Stoffers (II, 7, ??v=0,6‰)",laboratory,base,0.06,2.5,0.375,-,-,6.67,0.02,0.0765,0.294,0.000264,inf.,0.0,CEM I 42.5N,300,sand,C20/25,49 (7x7x7 sample),5,1.4,10,177,0.51,0,,0.077,0.1309,,,,,
"laboratory by Stoffers (II, 7, ??v=0,8‰)",laboratory,base,0.06,2.5,0.375,-,-,6.67,0.02,0.0765,0.294,0.000264,inf.,0.0,CEM I 42.5N,300,sand,C20/25,50 (7x7x7 sample),5,1.4,10,177,0.51,0,41,0.105,0.1785,,,,,
"laboratory by Stoffers (II, 8, ??v=0,4‰)",laboratory,base,0.06,2.5,0.375,-,-,6.67,0.02,0.0765,0.294,0.000264,inf.,0.0,CEM I 42.5N,300,sand,C20/25,51 (7x7x7 sample),5,2,14,177,0.75,0,,0.039,0.0663,,,,,
"laboratory by Stoffers (II, 8, ??v=0,6‰)",laboratory,base,0.06,2.5,0.375,-,-,6.67,0.02,0.0765,0.294,0.000264,inf.,0.0,CEM I 42.5N,300,sand,C20/25,52 (7x7x7 sample),5,2,14,177,0.75,0,,0.042,0.0714,,,,,
"laboratory by Stoffers (II, 8, ??v=0,8‰)",laboratory,base,0.06,2.5,0.375,-,-,6.67,0.02,0.0765,0.294,0.000264,inf.,0.0,CEM I 42.5N,300,sand,C20/25,53 (7x7x7 sample),5,2,14,177,0.75,0,,0.069,0.1173,,,,,
"laboratory by Stoffers (III, 9, ??v=0,4‰)",laboratory,base,0.06,2.5,0.375,-,-,6.67,0.02,0.0765,0.294,0.000264,inf.,0.0,CEM I 42.5N,300,sand,C20/25,54 (7x7x7 sample),5,2.5,22,177,0.74,0,,0.045,0.0765,,,,,
"laboratory by Stoffers (III, 9, ??v=0,6‰)",laboratory,base,0.06,2.5,0.375,-,-,6.67,0.02,0.0765,0.294,0.000264,inf.,0.0,CEM I 42.5N,300,sand,C20/25,55 (7x7x7 sample),5,2.5,22,177,0.74,0,,0.054,0.0918,,,,,
"laboratory by Stoffers (III, 9, ??v=0,8‰)",laboratory,base,0.06,2.5,0.375,-,-,6.67,0.02,0.0765,0.294,0.000264,inf.,0.0,CEM I 42.5N,300,sand,C20/25,56 (7x7x7 sample),5,2.5,22,177,0.74,0,24,0.057,0.0969,,,,,
"laboratory by Stoffers (III, 10, ??v=0,4‰)",laboratory,base,0.06,2.5,0.375,-,-,6.67,0.02,0.0765,0.294,0.000264,inf.,0.0,CEM I 42.5N,300,sand,C20/25,57 (7x7x7 sample),5,2,21,177,0.50,0,,0.09,0.153,,,,,
"laboratory by Stoffers (III, 10, ??v=0,6‰)",laboratory,base,0.06,2.5,0.375,-,-,6.67,0.02,0.0765,0.294,0.000264,inf.,0.0,CEM I 42.5N,300,sand,C20/25,58 (7x7x7 sample),5,2,21,177,0.50,0,,0.114,0.1938,,,,,
"laboratory by Stoffers (III, 10, ??v=0,8‰)",laboratory,base,0.06,2.5,0.375,-,-,6.67,0.02,0.0765,0.294,0.000264,inf.,0.0,CEM I 42.5N,300,sand,C20/25,59 (7x7x7 sample),5,2,21,177,0.50,0,,0.132,0.2244,,,,,
"laboratory by Stoffers (III, 12, ??v=0,4‰)",laboratory,base,0.06,2.5,0.375,-,-,6.67,0.02,0.0102,2.217,0.000264,0.000002,131.84,CEM I 42.5N,300,sand,C20/25,60 (7x7x7 sample),5,0,-,177,0.00,0,,0.022,0.0374,,,,,
"laboratory by Stoffers (III, 12, ??v=0,6‰)",laboratory,base,0.06,2.5,0.375,-,-,6.67,0.02,0.0102,2.217,0.000264,0.000002,131.84,CEM I 42.5N,300,sand,C20/25,61 (7x7x7 sample),5,0,-,177,0.00,0,,0.05,0.085,,,,,
"laboratory by Stoffers (III, 12, ??v=0,8‰)",laboratory,base,0.06,2.5,0.375,-,-,6.67,0.02,0.0102,2.217,0.000264,0.000002,131.84,CEM I 42.5N,300,sand,C20/25,62 (7x7x7 sample),5,0,-,177,0.00,0,,0.075,0.1275,,,,,
"laboratory by Stoffers (III, 13, ??v=0,4‰)",laboratory,base,0.06,2.5,0.375,-,-,6.67,0.02,0.0102,2.217,0.000264,0.000002,131.84,CEM I 42.5N,300,sand,C20/25,63 (7x7x7 sample),5,1.4,21,177,0.24,0,,0.019,0.0323,,,,,
"laboratory by Stoffers (III, 13, ??v=0,6‰)",laboratory,base,0.06,2.5,0.375,-,-,6.67,0.02,0.0102,2.217,0.000264,0.000002,131.84,CEM I 42.5N,300,sand,C20/25,64 (7x7x7 sample),5,1.4,21,177,0.24,0,,0.037,0.0629,,,,,
"laboratory by Stoffers (III, 13, ??v=0,8‰)",laboratory,base,0.06,2.5,0.375,-,-,6.67,0.02,0.0102,2.217,0.000264,0.000002,131.84,CEM I 42.5N,300,sand,C20/25,65 (7x7x7 sample),5,1.4,21,177,0.24,0,33,0.053,0.0901,,,,,
"laboratory by Stoffers (III, 14, ??v=0,4‰)",laboratory,base,0.06,2.5,0.375,-,-,6.67,0.02,0.0102,2.217,0.000264,0.000002,131.84,CEM I 42.5N,300,sand,C20/25,66 (7x7x7 sample),5,1.4,10,177,0.51,0,,0.015,0.0255,,,,,
"laboratory by Stoffers (III, 14, ??v=0,6‰)",laboratory,base,0.06,2.5,0.375,-,-,6.67,0.02,0.0102,2.217,0.000264,0.000002,131.84,CEM I 42.5N,300,sand,C20/25,67 (7x7x7 sample),5,1.4,10,177,0.51,0,,0.026,0.0442,,,,,
"laboratory by Stoffers (III, 14, ??v=0,8‰)",laboratory,base,0.06,2.5,0.375,-,-,6.67,0.02,0.0102,2.217,0.000264,0.000002,131.84,CEM I 42.5N,300,sand,C20/25,68 (7x7x7 sample),5,1.4,10,177,0.51,0,47,0.035,0.0595,,,,,
"laboratory by Stoffers (III, 15, ??v=0,4‰)",laboratory,base,0.06,2.5,0.375,-,-,6.67,0.02,0.0102,2.217,0.000264,0.000002,131.84,CEM I 42.5N,300,sand,C20/25,69 (7x7x7 sample),5,2.5,22,177,0.74,0,,0.019,0.0323,,,,,
"laboratory by Stoffers (III, 15, ??v=0,6‰)",laboratory,base,0.06,2.5,0.375,-,-,6.67,0.02,0.0102,2.217,0.000264,0.000002,131.84,CEM I 42.5N,300,sand,C20/25,70 (7x7x7 sample),5,2.5,22,177,0.74,0,,0.028,0.0476,,,,,
"laboratory by Stoffers (III, 15, ??v=0,8‰)",laboratory,base,0.06,2.5,0.375,-,-,6.67,0.02,0.0102,2.217,0.000264,0.000002,131.84,CEM I 42.5N,300,sand,C20/25,71 (7x7x7 sample),5,2.5,22,177,0.74,0,36,0.042,0.0714,,,,,
laboratory by Pass (W1),laboratory,base,0.25,9.9,1.8,-,-,5.50,0.45,1.1,0.40,0.12,inf.,0.0,CEM II/A 32.5R,390,gravel,C20/25,,25,0,-,210,0,0,3,1.5,1.5,,,,,
laboratory by Pass (W2),laboratory,base,0.25,9.9,1.8,-,-,5.50,0.45,1.1,0.40,0.12,inf.,0.0,CEM V/B 32.5N,380,gravel,C20/25,,25,10,125,210,0.50,0,7,0.15,0.15,,,,,
Mirace (Case 1),laboratory,base,1.2,12.9,6.8,-,-,1.90,8.16,20.4,0.40,31.44,inf.,0.0,CEM II 32.5 R,460,gravel,C25/30,34,40,20,200,200,0.26,0,7,0.4,0.4,,,,,
Mirace (Case 2),laboratory,base,1.2,12.9,6.8,-,-,1.90,8.16,20.4,0.40,31.44,inf.,0.0,CEM II 32.5 R,460,gravel,C25/30,34,40,20,200,200,0.26,0,3,0.3,0.3,,,,,
,,,,,,,,,,,,,,,,,,,,,,,,,,,,,,,,,
,,,,,,,,,,,,,,,,,,,,,,,,,,,,,,,,,
,,,,,,,,,,,,,,,,,,,,,,,,,,,,,,,,,
,,,,,,,,,,,,,,,,,,,,,,,,,,,,,,,,,
,,,,,,,,,,,,,,,,,,,,,,,,,,,,,,,,,
,,,,,,,,,,,,,,,,,,,,,,,,,,,,,,,,,
,,,,,,,,,,,,,,,,,,,,,,,,,,,,,,,,,
,,,,,,,,,,,,,,,,,,,,,,,,,,,,,,,,,
,,,,,,,,,,,,,,,,,,,,,,,,,,,,,,,,,
,,,,,,,,,,,,,,,,,,,,,,,,,,,,,,,,,
,,,,,,,,,,,,,,,,,,,,,,,,,,,,,,,,,
,,,,,,,,,,,,,,,,,,,,,,,,,,,,,,,,,
,,,,,,,,,,,,,,,,,,,,,,,,,,,,,,,,,
,,,,,,,,,,,,,,,,,,,,,,,,,,,,,,,,,
,,,,,,,,,,,,,,,,,,,,,,,,,,,,,,,,,
,,,,,,,,,,,,,,,,,,,,,,,,,,,,,,,,,
,,,,,,,,,,,,,,,,,,,,,,,,,,,,,,,,,
,,,,,,,,,,,,,,,,,,,,,,,,,,,,,,,,,
,,,,,,,,,,,,,,,,,,,,,,,,,,,,,,,,,
,,,,,,,,,,,,,,,,,,,,,,,,,,,,,,,,,
,,,,,,,,,,,,,,,,,,,,,,,,,,,,,,,,,
,,,,,,,,,,,,,,,,,,,,,,,,,,,,,,,,,
,,,,,,,,,,,,,,,,,,,,,,,,,,,,,,,,,
,,,,,,,,,,,,,,,,,,,,,,,,,,,,,,,,,
,,,,,,,,,,,,,,,,,,,,,,,,,,,,,,,,,
,,,,,,,,,,,,,,,,,,,,,,,,,,,,,,,,,
,,,,,,,,,,,,,,,,,,,,,,,,,,,,,,,,,
,,,,,,,,,,,,,,,,,,,,,,,,,,,,,,,,,
,,,,,,,,,,,,,,,,,,,,,,,,,,,,,,,,,
,,,,,,,,,,,,,,,,,,,,,,,,,,,,,,,,,
,,,,,,,,,,,,,,,,,,,,,,,,,,,,,,,,,
,,,,,,,,,,,,,,,,,,,,,,,,,,,,,,,,,
,,,,,,,,,,,,,,,,,,,,,,,,,,,,,,,,,
,,,,,,,,,,,,,,,,,,,,,,,,,,,,,,,,,
,,,,,,,,,,,,,,,,,,,,,,,,,,,,,,,,,
,,,,,,,,,,,,,,,,,,,,,,,,,,,,,,,,,
,,,,,,,,,,,,,,,,,,,,,,,,,,,,,,,,,
,,,,,,,,,,,,,,,,,,,,,,,,,,,,,,,,,
,,,,,,,,,,,,,,,,,,,,,,,,,,,,,,,,,
,,,,,,,,,,,,,,,,,,,,,,,,,,,,,,,,,
,,,,,,,,,,,,,,,,,,,,,,,,,,,,,,,,,
,,,,,,,,,,,,,,,,,,,,,,,,,,,,,,,,,
,,,,,,,,,,,,,,,,,,,,,,,,,,,,,,,,,
,,,,,,,,,,,,,,,,,,,,,,,,,,,,,,,,,
,,,,,,,,,,,,,,,,,,,,,,,,,,,,,,,,,
,,,,,,,,,,,,,,,,,,,,,,,,,,,,,,,,,
,,,,,,,,,,,,,,,,,,,,,,,,,,,,,,,,,
,,,,,,,,,,,,,,,,,,,,,,,,,,,,,,,,,
,,,,,,,,,,,,,,,,,,,,,,,,,,,,,,,,,
,,,,,,,,,,,,,,,,,,,,,,,,,,,,,,,,,
,,,,,,,,,,,,,,,,,,,,,,,,,,,,,,,,,
,,,,,,,,,,,,,,,,,,,,,,,,,,,,,,,,,
,,,,,,,,,,,,,,,,,,,,,,,,,,,,,,,,,
,,,,,,,,,,,,,,,,,,,,,,,,,,,,,,,,,
,,,,,,,,,,,,,,,,,,,,,,,,,,,,,,,,,
,,,,,,,,,,,,,,,,,,,,,,,,,,,,,,,,,
,,,,,,,,,,,,,,,,,,,,,,,,,,,,,,,,,
,,,,,,,,,,,,,,,,,,,,,,,,,,,,,,,,,
,,,,,,,,,,,,,,,,,,,,,,,,,,,,,,,,,
,,,,,,,,,,,,,,,,,,,,,,,,,,,,,,,,,
,,,,,,,,,,,,,,,,,,,,,,,,,,,,,,,,,
,,,,,,,,,,,,,,,,,,,,,,,,,,,,,,,,,
,,,,,,,,,,,,,,,,,,,,,,,,,,,,,,,,,
,,,,,,,,,,,,,,,,,,,,,,,,,,,,,,,,,
,,,,,,,,,,,,,,,,,,,,,,,,,,,,,,,,,
,,,,,,,,,,,,,,,,,,,,,,,,,,,,,,,,,
,,,,,,,,,,,,,,,,,,,,,,,,,,,,,,,,,
,,,,,,,,,,,,,,,,,,,,,,,,,,,,,,,,,
,,,,,,,,,,,,,,,,,,,,,,,,,,,,,,,,,
,,,,,,,,,,,,,,,,,,,,,,,,,,,,,,,,,
,,,,,,,,,,,,,,,,,,,,,,,,,,,,,,,,,
,,,,,,,,,,,,,,,,,,,,,,,,,,,,,,,,,
,,,,,,,,,,,,,,,,,,,,,,,,,,,,,,,,,
,,,,,,,,,,,,,,,,,,,,,,,,,,,,,,,,,
,,,,,,,,,,,,,,,,,,,,,,,,,,,,,,,,,
,,,,,,,,,,,,,,,,,,,,,,,,,,,,,,,,,
,,,,,,,,,,,,,,,,,,,,,,,,,,,,,,,,,
,,,,,,,,,,,,,,,,,,,,,,,,,,,,,,,,,
,,,,,,,,,,,,,,,,,,,,,,,,,,,,,,,,,
,,,,,,,,,,,,,,,,,,,,,,,,,,,,,,,,,
,,,,,,,,,,,,,,,,,,,,,,,,,,,,,,,,,
,,,,,,,,,,,,,,,,,,,,,,,,,,,,,,,,,
,,,,,,,,,,,,,,,,,,,,,,,,,,,,,,,,,
,,,,,,,,,,,,,,,,,,,,,,,,,,,,,,,,,
,,,,,,,,,,,,,,,,,,,,,,,,,,,,,,,,,
,,,,,,,,,,,,,,,,,,,,,,,,,,,,,,,,,
,,,,,,,,,,,,,,,,,,,,,,,,,,,,,,,,,
,,,,,,,,,,,,,,,,,,,,,,,,,,,,,,,,,
,,,,,,,,,,,,,,,,,,,,,,,,,,,,,,,,,
,,,,,,,,,,,,,,,,,,,,,,,,,,,,,,,,,
,,,,,,,,,,,,,,,,,,,,,,,,,,,,,,,,,
,,,,,,,,,,,,,,,,,,,,,,,,,,,,,,,,,
,,,,,,,,,,,,,,,,,,,,,,,,,,,,,,,,,
,,,,,,,,,,,,,,,,,,,,,,,,,,,,,,,,,
,,,,,,,,,,,,,,,,,,,,,,,,,,,,,,,,,
,,,,,,,,,,,,,,,,,,,,,,,,,,,,,,,,,
,,,,,,,,,,,,,,,,,,,,,,,,,,,,,,,,,
,,,,,,,,,,,,,,,,,,,,,,,,,,,,,,,,,
,,,,,,,,,,,,,,,,,,,,,,,,,,,,,,,,,
,,,,,,,,,,,,,,,,,,,,,,,,,,,,,,,,,
,,,,,,,,,,,,,,,,,,,,,,,,,,,,,,,,,
,,,,,,,,,,,,,,,,,,,,,,,,,,,,,,,,,
,,,,,,,,,,,,,,,,,,,,,,,,,,,,,,,,,
,,,,,,,,,,,,,,,,,,,,,,,,,,,,,,,,,
,,,,,,,,,,,,,,,,,,,,,,,,,,,,,,,,,
,,,,,,,,,,,,,,,,,,,,,,,,,,,,,,,,,
,,,,,,,,,,,,,,,,,,,,,,,,,,,,,,,,,
,,,,,,,,,,,,,,,,,,,,,,,,,,,,,,,,,
,,,,,,,,,,,,,,,,,,,,,,,,,,,,,,,,,
,,,,,,,,,,,,,,,,,,,,,,,,,,,,,,,,,
,,,,,,,,,,,,,,,,,,,,,,,,,,,,,,,,,
,,,,,,,,,,,,,,,,,,,,,,,,,,,,,,,,,
,,,,,,,,,,,,,,,,,,,,,,,,,,,,,,,,,
,,,,,,,,,,,,,,,,,,,,,,,,,,,,,,,,,
,,,,,,,,,,,,,,,,,,,,,,,,,,,,,,,,,
,,,,,,,,,,,,,,,,,,,,,,,,,,,,,,,,,
,,,,,,,,,,,,,,,,,,,,,,,,,,,,,,,,,
,,,,,,,,,,,,,,,,,,,,,,,,,,,,,,,,,
,,,,,,,,,,,,,,,,,,,,,,,,,,,,,,,,,
,,,,,,,,,,,,,,,,,,,,,,,,,,,,,,,,,
,,,,,,,,,,,,,,,,,,,,,,,,,,,,,,,,,
,,,,,,,,,,,,,,,,,,,,,,,,,,,,,,,,,
,,,,,,,,,,,,,,,,,,,,,,,,,,,,,,,,,
,,,,,,,,,,,,,,,,,,,,,,,,,,,,,,,,,
,,,,,,,,,,,,,,,,,,,,,,,,,,,,,,,,,
,,,,,,,,,,,,,,,,,,,,,,,,,,,,,,,,,
,,,,,,,,,,,,,,,,,,,,,,,,,,,,,,,,,
,,,,,,,,,,,,,,,,,,,,,,,,,,,,,,,,,
,,,,,,,,,,,,,,,,,,,,,,,,,,,,,,,,,
,,,,,,,,,,,,,,,,,,,,,,,,,,,,,,,,,
,,,,,,,,,,,,,,,,,,,,,,,,,,,,,,,,,
,,,,,,,,,,,,,,,,,,,,,,,,,,,,,,,,,
,,,,,,,,,,,,,,,,,,,,,,,,,,,,,,,,,
,,,,,,,,,,,,,,,,,,,,,,,,,,,,,,,,,
,,,,,,,,,,,,,,,,,,,,,,,,,,,,,,,,,
,,,,,,,,,,,,,,,,,,,,,,,,,,,,,,,,,
,,,,,,,,,,,,,,,,,,,,,,,,,,,,,,,,,
,,,,,,,,,,,,,,,,,,,,,,,,,,,,,,,,,
,,,,,,,,,,,,,,,,,,,,,,,,,,,,,,,,,
,,,,,,,,,,,,,,,,,,,,,,,,,,,,,,,,,
,,,,,,,,,,,,,,,,,,,,,,,,,,,,,,,,,
,,,,,,,,,,,,,,,,,,,,,,,,,,,,,,,,,
,,,,,,,,,,,,,,,,,,,,,,,,,,,,,,,,,
,,,,,,,,,,,,,,,,,,,,,,,,,,,,,,,,,
,,,,,,,,,,,,,,,,,,,,,,,,,,,,,,,,,
,,,,,,,,,,,,,,,,,,,,,,,,,,,,,,,,,
,,,,,,,,,,,,,,,,,,,,,,,,,,,,,,,,,
,,,,,,,,,,,,,,,,,,,,,,,,,,,,,,,,,
,,,,,,,,,,,,,,,,,,,,,,,,,,,,,,,,,
,,,,,,,,,,,,,,,,,,,,,,,,,,,,,,,,,
,,,,,,,,,,,,,,,,,,,,,,,,,,,,,,,,,
,,,,,,,,,,,,,,,,,,,,,,,,,,,,,,,,,
,,,,,,,,,,,,,,,,,,,,,,,,,,,,,,,,,
,,,,,,,,,,,,,,,,,,,,,,,,,,,,,,,,,
,,,,,,,,,,,,,,,,,,,,,,,,,,,,,,,,,
,,,,,,,,,,,,,,,,,,,,,,,,,,,,,,,,,
,,,,,,,,,,,,,,,,,,,,,,,,,,,,,,,,,
,,,,,,,,,,,,,,,,,,,,,,,,,,,,,,,,,
,,,,,,,,,,,,,,,,,,,,,,,,,,,,,,,,,
,,,,,,,,,,,,,,,,,,,,,,,,,,,,,,,,,
,,,,,,,,,,,,,,,,,,,,,,,,,,,,,,,,,
,,,,,,,,,,,,,,,,,,,,,,,,,,,,,,,,,
,,,,,,,,,,,,,,,,,,,,,,,,,,,,,,,,,
,,,,,,,,,,,,,,,,,,,,,,,,,,,,,,,,,
,,,,,,,,,,,,,,,,,,,,,,,,,,,,,,,,,
,,,,,,,,,,,,,,,,,,,,,,,,,,,,,,,,,
,,,,,,,,,,,,,,,,,,,,,,,,,,,,,,,,,
,,,,,,,,,,,,,,,,,,,,,,,,,,,,,,,,,
,,,,,,,,,,,,,,,,,,,,,,,,,,,,,,,,,
,,,,,,,,,,,,,,,,,,,,,,,,,,,,,,,,,
,,,,,,,,,,,,,,,,,,,,,,,,,,,,,,,,,
,,,,,,,,,,,,,,,,,,,,,,,,,,,,,,,,,
,,,,,,,,,,,,,,,,,,,,,,,,,,,,,,,,,
,,,,,,,,,,,,,,,,,,,,,,,,,,,,,,,,,
,,,,,,,,,,,,,,,,,,,,,,,,,,,,,,,,,
,,,,,,,,,,,,,,,,,,,,,,,,,,,,,,,,,
,,,,,,,,,,,,,,,,,,,,,,,,,,,,,,,,,
,,,,,,,,,,,,,,,,,,,,,,,,,,,,,,,,,
,,,,,,,,,,,,,,,,,,,,,,,,,,,,,,,,,
,,,,,,,,,,,,,,,,,,,,,,,,,,,,,,,,,
,,,,,,,,,,,,,,,,,,,,,,,,,,,,,,,,,
,,,,,,,,,,,,,,,,,,,,,,,,,,,,,,,,,
,,,,,,,,,,,,,,,,,,,,,,,,,,,,,,,,,
,,,,,,,,,,,,,,,,,,,,,,,,,,,,,,,,,
,,,,,,,,,,,,,,,,,,,,,,,,,,,,,,,,,
,,,,,,,,,,,,,,,,,,,,,,,,,,,,,,,,,
,,,,,,,,,,,,,,,,,,,,,,,,,,,,,,,,,
,,,,,,,,,,,,,,,,,,,,,,,,,,,,,,,,,
,,,,,,,,,,,,,,,,,,,,,,,,,,,,,,,,,
,,,,,,,,,,,,,,,,,,,,,,,,,,,,,,,,,
,,,,,,,,,,,,,,,,,,,,,,,,,,,,,,,,,
,,,,,,,,,,,,,,,,,,,,,,,,,,,,,,,,,
,,,,,,,,,,,,,,,,,,,,,,,,,,,,,,,,,
,,,,,,,,,,,,,,,,,,,,,,,,,,,,,,,,,
,,,,,,,,,,,,,,,,,,,,,,,,,,,,,,,,,
,,,,,,,,,,,,,,,,,,,,,,,,,,,,,,,,,
,,,,,,,,,,,,,,,,,,,,,,,,,,,,,,,,,
,,,,,,,,,,,,,,,,,,,,,,,,,,,,,,,,,
,,,,,,,,,,,,,,,,,,,,,,,,,,,,,,,,,
,,,,,,,,,,,,,,,,,,,,,,,,,,,,,,,,,
,,,,,,,,,,,,,,,,,,,,,,,,,,,,,,,,,
,,,,,,,,,,,,,,,,,,,,,,,,,,,,,,,,,
,,,,,,,,,,,,,,,,,,,,,,,,,,,,,,,,,
,,,,,,,,,,,,,,,,,,,,,,,,,,,,,,,,,
,,,,,,,,,,,,,,,,,,,,,,,,,,,,,,,,,
,,,,,,,,,,,,,,,,,,,,,,,,,,,,,,,,,
,,,,,,,,,,,,,,,,,,,,,,,,,,,,,,,,,
,,,,,,,,,,,,,,,,,,,,,,,,,,,,,,,,,
,,,,,,,,,,,,,,,,,,,,,,,,,,,,,,,,,
,,,,,,,,,,,,,,,,,,,,,,,,,,,,,,,,,
,,,,,,,,,,,,,,,,,,,,,,,,,,,,,,,,,
,,,,,,,,,,,,,,,,,,,,,,,,,,,,,,,,,
,,,,,,,,,,,,,,,,,,,,,,,,,,,,,,,,,
,,,,,,,,,,,,,,,,,,,,,,,,,,,,,,,,,
,,,,,,,,,,,,,,,,,,,,,,,,,,,,,,,,,
,,,,,,,,,,,,,,,,,,,,,,,,,,,,,,,,,
,,,,,,,,,,,,,,,,,,,,,,,,,,,,,,,,,
,,,,,,,,,,,,,,,,,,,,,,,,,,,,,,,,,
,,,,,,,,,,,,,,,,,,,,,,,,,,,,,,,,,
,,,,,,,,,,,,,,,,,,,,,,,,,,,,,,,,,
,,,,,,,,,,,,,,,,,,,,,,,,,,,,,,,,,
,,,,,,,,,,,,,,,,,,,,,,,,,,,,,,,,,
,,,,,,,,,,,,,,,,,,,,,,,,,,,,,,,,,
,,,,,,,,,,,,,,,,,,,,,,,,,,,,,,,,,
,,,,,,,,,,,,,,,,,,,,,,,,,,,,,,,,,
,,,,,,,,,,,,,,,,,,,,,,,,,,,,,,,,,
,,,,,,,,,,,,,,,,,,,,,,,,,,,,,,,,,
,,,,,,,,,,,,,,,,,,,,,,,,,,,,,,,,,
,,,,,,,,,,,,,,,,,,,,,,,,,,,,,,,,,
,,,,,,,,,,,,,,,,,,,,,,,,,,,,,,,,,
,,,,,,,,,,,,,,,,,,,,,,,,,,,,,,,,,
,,,,,,,,,,,,,,,,,,,,,,,,,,,,,,,,,
,,,,,,,,,,,,,,,,,,,,,,,,,,,,,,,,,
,,,,,,,,,,,,,,,,,,,,,,,,,,,,,,,,,
,,,,,,,,,,,,,,,,,,,,,,,,,,,,,,,,,
,,,,,,,,,,,,,,,,,,,,,,,,,,,,,,,,,
,,,,,,,,,,,,,,,,,,,,,,,,,,,,,,,,,
,,,,,,,,,,,,,,,,,,,,,,,,,,,,,,,,,
,,,,,,,,,,,,,,,,,,,,,,,,,,,,,,,,,
,,,,,,,,,,,,,,,,,,,,,,,,,,,,,,,,,
,,,,,,,,,,,,,,,,,,,,,,,,,,,,,,,,,
,,,,,,,,,,,,,,,,,,,,,,,,,,,,,,,,,
,,,,,,,,,,,,,,,,,,,,,,,,,,,,,,,,,
,,,,,,,,,,,,,,,,,,,,,,,,,,,,,,,,,
,,,,,,,,,,,,,,,,,,,,,,,,,,,,,,,,,
,,,,,,,,,,,,,,,,,,,,,,,,,,,,,,,,,
,,,,,,,,,,,,,,,,,,,,,,,,,,,,,,,,,
,,,,,,,,,,,,,,,,,,,,,,,,,,,,,,,,,
,,,,,,,,,,,,,,,,,,,,,,,,,,,,,,,,,
,,,,,,,,,,,,,,,,,,,,,,,,,,,,,,,,,
,,,,,,,,,,,,,,,,,,,,,,,,,,,,,,,,,
,,,,,,,,,,,,,,,,,,,,,,,,,,,,,,,,,
,,,,,,,,,,,,,,,,,,,,,,,,,,,,,,,,,
,,,,,,,,,,,,,,,,,,,,,,,,,,,,,,,,,
,,,,,,,,,,,,,,,,,,,,,,,,,,,,,,,,,
,,,,,,,,,,,,,,,,,,,,,,,,,,,,,,,,,
,,,,,,,,,,,,,,,,,,,,,,,,,,,,,,,,,
,,,,,,,,,,,,,,,,,,,,,,,,,,,,,,,,,
,,,,,,,,,,,,,,,,,,,,,,,,,,,,,,,,,
,,,,,,,,,,,,,,,,,,,,,,,,,,,,,,,,,
,,,,,,,,,,,,,,,,,,,,,,,,,,,,,,,,,
,,,,,,,,,,,,,,,,,,,,,,,,,,,,,,,,,
,,,,,,,,,,,,,,,,,,,,,,,,,,,,,,,,,
,,,,,,,,,,,,,,,,,,,,,,,,,,,,,,,,,
,,,,,,,,,,,,,,,,,,,,,,,,,,,,,,,,,
,,,,,,,,,,,,,,,,,,,,,,,,,,,,,,,,,
,,,,,,,,,,,,,,,,,,,,,,,,,,,,,,,,,
,,,,,,,,,,,,,,,,,,,,,,,,,,,,,,,,,
,,,,,,,,,,,,,,,,,,,,,,,,,,,,,,,,,
,,,,,,,,,,,,,,,,,,,,,,,,,,,,,,,,,
,,,,,,,,,,,,,,,,,,,,,,,,,,,,,,,,,
,,,,,,,,,,,,,,,,,,,,,,,,,,,,,,,,,
,,,,,,,,,,,,,,,,,,,,,,,,,,,,,,,,,
,,,,,,,,,,,,,,,,,,,,,,,,,,,,,,,,,
,,,,,,,,,,,,,,,,,,,,,,,,,,,,,,,,,
,,,,,,,,,,,,,,,,,,,,,,,,,,,,,,,,,
,,,,,,,,,,,,,,,,,,,,,,,,,,,,,,,,,
,,,,,,,,,,,,,,,,,,,,,,,,,,,,,,,,,
,,,,,,,,,,,,,,,,,,,,,,,,,,,,,,,,,
,,,,,,,,,,,,,,,,,,,,,,,,,,,,,,,,,
,,,,,,,,,,,,,,,,,,,,,,,,,,,,,,,,,
,,,,,,,,,,,,,,,,,,,,,,,,,,,,,,,,,
,,,,,,,,,,,,,,,,,,,,,,,,,,,,,,,,,
,,,,,,,,,,,,,,,,,,,,,,,,,,,,,,,,,
,,,,,,,,,,,,,,,,,,,,,,,,,,,,,,,,,
,,,,,,,,,,,,,,,,,,,,,,,,,,,,,,,,,
,,,,,,,,,,,,,,,,,,,,,,,,,,,,,,,,,
,,,,,,,,,,,,,,,,,,,,,,,,,,,,,,,,,
,,,,,,,,,,,,,,,,,,,,,,,,,,,,,,,,,
,,,,,,,,,,,,,,,,,,,,,,,,,,,,,,,,,
,,,,,,,,,,,,,,,,,,,,,,,,,,,,,,,,,
,,,,,,,,,,,,,,,,,,,,,,,,,,,,,,,,,
,,,,,,,,,,,,,,,,,,,,,,,,,,,,,,,,,
,,,,,,,,,,,,,,,,,,,,,,,,,,,,,,,,,
,,,,,,,,,,,,,,,,,,,,,,,,,,,,,,,,,
,,,,,,,,,,,,,,,,,,,,,,,,,,,,,,,,,
,,,,,,,,,,,,,,,,,,,,,,,,,,,,,,,,,
,,,,,,,,,,,,,,,,,,,,,,,,,,,,,,,,,
,,,,,,,,,,,,,,,,,,,,,,,,,,,,,,,,,
,,,,,,,,,,,,,,,,,,,,,,,,,,,,,,,,,
,,,,,,,,,,,,,,,,,,,,,,,,,,,,,,,,,
,,,,,,,,,,,,,,,,,,,,,,,,,,,,,,,,,
,,,,,,,,,,,,,,,,,,,,,,,,,,,,,,,,,
,,,,,,,,,,,,,,,,,,,,,,,,,,,,,,,,,
,,,,,,,,,,,,,,,,,,,,,,,,,,,,,,,,,
,,,,,,,,,,,,,,,,,,,,,,,,,,,,,,,,,
,,,,,,,,,,,,,,,,,,,,,,,,,,,,,,,,,
,,,,,,,,,,,,,,,,,,,,,,,,,,,,,,,,,
,,,,,,,,,,,,,,,,,,,,,,,,,,,,,,,,,
,,,,,,,,,,,,,,,,,,,,,,,,,,,,,,,,,
,,,,,,,,,,,,,,,,,,,,,,,,,,,,,,,,,
,,,,,,,,,,,,,,,,,,,,,,,,,,,,,,,,,
,,,,,,,,,,,,,,,,,,,,,,,,,,,,,,,,,
,,,,,,,,,,,,,,,,,,,,,,,,,,,,,,,,,
,,,,,,,,,,,,,,,,,,,,,,,,,,,,,,,,,
,,,,,,,,,,,,,,,,,,,,,,,,,,,,,,,,,
,,,,,,,,,,,,,,,,,,,,,,,,,,,,,,,,,
,,,,,,,,,,,,,,,,,,,,,,,,,,,,,,,,,
,,,,,,,,,,,,,,,,,,,,,,,,,,,,,,,,,
,,,,,,,,,,,,,,,,,,,,,,,,,,,,,,,,,
,,,,,,,,,,,,,,,,,,,,,,,,,,,,,,,,,
,,,,,,,,,,,,,,,,,,,,,,,,,,,,,,,,,
,,,,,,,,,,,,,,,,,,,,,,,,,,,,,,,,,
,,,,,,,,,,,,,,,,,,,,,,,,,,,,,,,,,
,,,,,,,,,,,,,,,,,,,,,,,,,,,,,,,,,
,,,,,,,,,,,,,,,,,,,,,,,,,,,,,,,,,
,,,,,,,,,,,,,,,,,,,,,,,,,,,,,,,,,
,,,,,,,,,,,,,,,,,,,,,,,,,,,,,,,,,
,,,,,,,,,,,,,,,,,,,,,,,,,,,,,,,,,
,,,,,,,,,,,,,,,,,,,,,,,,,,,,,,,,,
,,,,,,,,,,,,,,,,,,,,,,,,,,,,,,,,,
,,,,,,,,,,,,,,,,,,,,,,,,,,,,,,,,,
,,,,,,,,,,,,,,,,,,,,,,,,,,,,,,,,,
,,,,,,,,,,,,,,,,,,,,,,,,,,,,,,,,,
,,,,,,,,,,,,,,,,,,,,,,,,,,,,,,,,,
,,,,,,,,,,,,,,,,,,,,,,,,,,,,,,,,,
,,,,,,,,,,,,,,,,,,,,,,,,,,,,,,,,,
,,,,,,,,,,,,,,,,,,,,,,,,,,,,,,,,,
,,,,,,,,,,,,,,,,,,,,,,,,,,,,,,,,,
,,,,,,,,,,,,,,,,,,,,,,,,,,,,,,,,,
,,,,,,,,,,,,,,,,,,,,,,,,,,,,,,,,,
,,,,,,,,,,,,,,,,,,,,,,,,,,,,,,,,,
,,,,,,,,,,,,,,,,,,,,,,,,,,,,,,,,,
,,,,,,,,,,,,,,,,,,,,,,,,,,,,,,,,,
,,,,,,,,,,,,,,,,,,,,,,,,,,,,,,,,,
,,,,,,,,,,,,,,,,,,,,,,,,,,,,,,,,,
,,,,,,,,,,,,,,,,,,,,,,,,,,,,,,,,,
,,,,,,,,,,,,,,,,,,,,,,,,,,,,,,,,,
,,,,,,,,,,,,,,,,,,,,,,,,,,,,,,,,,
,,,,,,,,,,,,,,,,,,,,,,,,,,,,,,,,,
,,,,,,,,,,,,,,,,,,,,,,,,,,,,,,,,,
,,,,,,,,,,,,,,,,,,,,,,,,,,,,,,,,,
,,,,,,,,,,,,,,,,,,,,,,,,,,,,,,,,,
,,,,,,,,,,,,,,,,,,,,,,,,,,,,,,,,,
,,,,,,,,,,,,,,,,,,,,,,,,,,,,,,,,,
,,,,,,,,,,,,,,,,,,,,,,,,,,,,,,,,,
,,,,,,,,,,,,,,,,,,,,,,,,,,,,,,,,,
,,,,,,,,,,,,,,,,,,,,,,,,,,,,,,,,,
,,,,,,,,,,,,,,,,,,,,,,,,,,,,,,,,,
,,,,,,,,,,,,,,,,,,,,,,,,,,,,,,,,,
,,,,,,,,,,,,,,,,,,,,,,,,,,,,,,,,,
,,,,,,,,,,,,,,,,,,,,,,,,,,,,,,,,,
,,,,,,,,,,,,,,,,,,,,,,,,,,,,,,,,,
,,,,,,,,,,,,,,,,,,,,,,,,,,,,,,,,,
,,,,,,,,,,,,,,,,,,,,,,,,,,,,,,,,,
,,,,,,,,,,,,,,,,,,,,,,,,,,,,,,,,,
,,,,,,,,,,,,,,,,,,,,,,,,,,,,,,,,,
,,,,,,,,,,,,,,,,,,,,,,,,,,,,,,,,,
,,,,,,,,,,,,,,,,,,,,,,,,,,,,,,,,,
,,,,,,,,,,,,,,,,,,,,,,,,,,,,,,,,,
,,,,,,,,,,,,,,,,,,,,,,,,,,,,,,,,,
,,,,,,,,,,,,,,,,,,,,,,,,,,,,,,,,,
,,,,,,,,,,,,,,,,,,,,,,,,,,,,,,,,,
,,,,,,,,,,,,,,,,,,,,,,,,,,,,,,,,,
,,,,,,,,,,,,,,,,,,,,,,,,,,,,,,,,,
,,,,,,,,,,,,,,,,,,,,,,,,,,,,,,,,,
,,,,,,,,,,,,,,,,,,,,,,,,,,,,,,,,,
,,,,,,,,,,,,,,,,,,,,,,,,,,,,,,,,,
,,,,,,,,,,,,,,,,,,,,,,,,,,,,,,,,,
,,,,,,,,,,,,,,,,,,,,,,,,,,,,,,,,,
,,,,,,,,,,,,,,,,,,,,,,,,,,,,,,,,,
,,,,,,,,,,,,,,,,,,,,,,,,,,,,,,,,,
,,,,,,,,,,,,,,,,,,,,,,,,,,,,,,,,,
,,,,,,,,,,,,,,,,,,,,,,,,,,,,,,,,,
,,,,,,,,,,,,,,,,,,,,,,,,,,,,,,,,,
,,,,,,,,,,,,,,,,,,,,,,,,,,,,,,,,,
,,,,,,,,,,,,,,,,,,,,,,,,,,,,,,,,,
,,,,,,,,,,,,,,,,,,,,,,,,,,,,,,,,,
,,,,,,,,,,,,,,,,,,,,,,,,,,,,,,,,,
,,,,,,,,,,,,,,,,,,,,,,,,,,,,,,,,,
,,,,,,,,,,,,,,,,,,,,,,,,,,,,,,,,,
,,,,,,,,,,,,,,,,,,,,,,,,,,,,,,,,,
,,,,,,,,,,,,,,,,,,,,,,,,,,,,,,,,,
,,,,,,,,,,,,,,,,,,,,,,,,,,,,,,,,,
,,,,,,,,,,,,,,,,,,,,,,,,,,,,,,,,,
,,,,,,,,,,,,,,,,,,,,,,,,,,,,,,,,,
,,,,,,,,,,,,,,,,,,,,,,,,,,,,,,,,,
,,,,,,,,,,,,,,,,,,,,,,,,,,,,,,,,,
,,,,,,,,,,,,,,,,,,,,,,,,,,,,,,,,,
,,,,,,,,,,,,,,,,,,,,,,,,,,,,,,,,,
,,,,,,,,,,,,,,,,,,,,,,,,,,,,,,,,,
,,,,,,,,,,,,,,,,,,,,,,,,,,,,,,,,,
,,,,,,,,,,,,,,,,,,,,,,,,,,,,,,,,,
,,,,,,,,,,,,,,,,,,,,,,,,,,,,,,,,,
,,,,,,,,,,,,,,,,,,,,,,,,,,,,,,,,,
,,,,,,,,,,,,,,,,,,,,,,,,,,,,,,,,,
,,,,,,,,,,,,,,,,,,,,,,,,,,,,,,,,,
,,,,,,,,,,,,,,,,,,,,,,,,,,,,,,,,,
,,,,,,,,,,,,,,,,,,,,,,,,,,,,,,,,,
,,,,,,,,,,,,,,,,,,,,,,,,,,,,,,,,,
,,,,,,,,,,,,,,,,,,,,,,,,,,,,,,,,,
,,,,,,,,,,,,,,,,,,,,,,,,,,,,,,,,,
,,,,,,,,,,,,,,,,,,,,,,,,,,,,,,,,,
,,,,,,,,,,,,,,,,,,,,,,,,,,,,,,,,,
,,,,,,,,,,,,,,,,,,,,,,,,,,,,,,,,,
,,,,,,,,,,,,,,,,,,,,,,,,,,,,,,,,,
,,,,,,,,,,,,,,,,,,,,,,,,,,,,,,,,,
,,,,,,,,,,,,,,,,,,,,,,,,,,,,,,,,,
,,,,,,,,,,,,,,,,,,,,,,,,,,,,,,,,,
,,,,,,,,,,,,,,,,,,,,,,,,,,,,,,,,,
,,,,,,,,,,,,,,,,,,,,,,,,,,,,,,,,,
,,,,,,,,,,,,,,,,,,,,,,,,,,,,,,,,,
,,,,,,,,,,,,,,,,,,,,,,,,,,,,,,,,,
,,,,,,,,,,,,,,,,,,,,,,,,,,,,,,,,,
,,,,,,,,,,,,,,,,,,,,,,,,,,,,,,,,,
,,,,,,,,,,,,,,,,,,,,,,,,,,,,,,,,,
,,,,,,,,,,,,,,,,,,,,,,,,,,,,,,,,,
,,,,,,,,,,,,,,,,,,,,,,,,,,,,,,,,,
,,,,,,,,,,,,,,,,,,,,,,,,,,,,,,,,,
,,,,,,,,,,,,,,,,,,,,,,,,,,,,,,,,,
,,,,,,,,,,,,,,,,,,,,,,,,,,,,,,,,,
,,,,,,,,,,,,,,,,,,,,,,,,,,,,,,,,,
,,,,,,,,,,,,,,,,,,,,,,,,,,,,,,,,,
,,,,,,,,,,,,,,,,,,,,,,,,,,,,,,,,,
,,,,,,,,,,,,,,,,,,,,,,,,,,,,,,,,,
,,,,,,,,,,,,,,,,,,,,,,,,,,,,,,,,,
,,,,,,,,,,,,,,,,,,,,,,,,,,,,,,,,,
,,,,,,,,,,,,,,,,,,,,,,,,,,,,,,,,,
,,,,,,,,,,,,,,,,,,,,,,,,,,,,,,,,,
,,,,,,,,,,,,,,,,,,,,,,,,,,,,,,,,,
,,,,,,,,,,,,,,,,,,,,,,,,,,,,,,,,,
,,,,,,,,,,,,,,,,,,,,,,,,,,,,,,,,,
,,,,,,,,,,,,,,,,,,,,,,,,,,,,,,,,,
,,,,,,,,,,,,,,,,,,,,,,,,,,,,,,,,,
,,,,,,,,,,,,,,,,,,,,,,,,,,,,,,,,,
,,,,,,,,,,,,,,,,,,,,,,,,,,,,,,,,,
,,,,,,,,,,,,,,,,,,,,,,,,,,,,,,,,,
,,,,,,,,,,,,,,,,,,,,,,,,,,,,,,,,,
,,,,,,,,,,,,,,,,,,,,,,,,,,,,,,,,,
,,,,,,,,,,,,,,,,,,,,,,,,,,,,,,,,,
,,,,,,,,,,,,,,,,,,,,,,,,,,,,,,,,,
,,,,,,,,,,,,,,,,,,,,,,,,,,,,,,,,,
,,,,,,,,,,,,,,,,,,,,,,,,,,,,,,,,,
,,,,,,,,,,,,,,,,,,,,,,,,,,,,,,,,,
,,,,,,,,,,,,,,,,,,,,,,,,,,,,,,,,,
,,,,,,,,,,,,,,,,,,,,,,,,,,,,,,,,,
,,,,,,,,,,,,,,,,,,,,,,,,,,,,,,,,,
,,,,,,,,,,,,,,,,,,,,,,,,,,,,,,,,,
,,,,,,,,,,,,,,,,,,,,,,,,,,,,,,,,,
,,,,,,,,,,,,,,,,,,,,,,,,,,,,,,,,,
,,,,,,,,,,,,,,,,,,,,,,,,,,,,,,,,,
,,,,,,,,,,,,,,,,,,,,,,,,,,,,,,,,,
,,,,,,,,,,,,,,,,,,,,,,,,,,,,,,,,,
,,,,,,,,,,,,,,,,,,,,,,,,,,,,,,,,,
,,,,,,,,,,,,,,,,,,,,,,,,,,,,,,,,,
,,,,,,,,,,,,,,,,,,,,,,,,,,,,,,,,,
,,,,,,,,,,,,,,,,,,,,,,,,,,,,,,,,,
,,,,,,,,,,,,,,,,,,,,,,,,,,,,,,,,,
,,,,,,,,,,,,,,,,,,,,,,,,,,,,,,,,,
,,,,,,,,,,,,,,,,,,,,,,,,,,,,,,,,,
,,,,,,,,,,,,,,,,,,,,,,,,,,,,,,,,,
,,,,,,,,,,,,,,,,,,,,,,,,,,,,,,,,,
,,,,,,,,,,,,,,,,,,,,,,,,,,,,,,,,,
,,,,,,,,,,,,,,,,,,,,,,,,,,,,,,,,,
,,,,,,,,,,,,,,,,,,,,,,,,,,,,,,,,,
,,,,,,,,,,,,,,,,,,,,,,,,,,,,,,,,,
,,,,,,,,,,,,,,,,,,,,,,,,,,,,,,,,,
,,,,,,,,,,,,,,,,,,,,,,,,,,,,,,,,,
,,,,,,,,,,,,,,,,,,,,,,,,,,,,,,,,,
,,,,,,,,,,,,,,,,,,,,,,,,,,,,,,,,,
,,,,,,,,,,,,,,,,,,,,,,,,,,,,,,,,,
,,,,,,,,,,,,,,,,,,,,,,,,,,,,,,,,,
,,,,,,,,,,,,,,,,,,,,,,,,,,,,,,,,,
,,,,,,,,,,,,,,,,,,,,,,,,,,,,,,,,,
,,,,,,,,,,,,,,,,,,,,,,,,,,,,,,,,,
,,,,,,,,,,,,,,,,,,,,,,,,,,,,,,,,,
,,,,,,,,,,,,,,,,,,,,,,,,,,,,,,,,,
,,,,,,,,,,,,,,,,,,,,,,,,,,,,,,,,,
,,,,,,,,,,,,,,,,,,,,,,,,,,,,,,,,,
,,,,,,,,,,,,,,,,,,,,,,,,,,,,,,,,,
,,,,,,,,,,,,,,,,,,,,,,,,,,,,,,,,,
,,,,,,,,,,,,,,,,,,,,,,,,,,,,,,,,,
,,,,,,,,,,,,,,,,,,,,,,,,,,,,,,,,,
,,,,,,,,,,,,,,,,,,,,,,,,,,,,,,,,,
,,,,,,,,,,,,,,,,,,,,,,,,,,,,,,,,,
,,,,,,,,,,,,,,,,,,,,,,,,,,,,,,,,,
,,,,,,,,,,,,,,,,,,,,,,,,,,,,,,,,,
,,,,,,,,,,,,,,,,,,,,,,,,,,,,,,,,,
,,,,,,,,,,,,,,,,,,,,,,,,,,,,,,,,,
,,,,,,,,,,,,,,,,,,,,,,,,,,,,,,,,,
,,,,,,,,,,,,,,,,,,,,,,,,,,,,,,,,,
,,,,,,,,,,,,,,,,,,,,,,,,,,,,,,,,,
,,,,,,,,,,,,,,,,,,,,,,,,,,,,,,,,,
,,,,,,,,,,,,,,,,,,,,,,,,,,,,,,,,,
,,,,,,,,,,,,,,,,,,,,,,,,,,,,,,,,,
,,,,,,,,,,,,,,,,,,,,,,,,,,,,,,,,,
,,,,,,,,,,,,,,,,,,,,,,,,,,,,,,,,,
,,,,,,,,,,,,,,,,,,,,,,,,,,,,,,,,,
,,,,,,,,,,,,,,,,,,,,,,,,,,,,,,,,,
,,,,,,,,,,,,,,,,,,,,,,,,,,,,,,,,,
,,,,,,,,,,,,,,,,,,,,,,,,,,,,,,,,,
,,,,,,,,,,,,,,,,,,,,,,,,,,,,,,,,,
,,,,,,,,,,,,,,,,,,,,,,,,,,,,,,,,,
,,,,,,,,,,,,,,,,,,,,,,,,,,,,,,,,,
,,,,,,,,,,,,,,,,,,,,,,,,,,,,,,,,,
,,,,,,,,,,,,,,,,,,,,,,,,,,,,,,,,,
,,,,,,,,,,,,,,,,,,,,,,,,,,,,,,,,,
,,,,,,,,,,,,,,,,,,,,,,,,,,,,,,,,,
,,,,,,,,,,,,,,,,,,,,,,,,,,,,,,,,,
,,,,,,,,,,,,,,,,,,,,,,,,,,,,,,,,,
,,,,,,,,,,,,,,,,,,,,,,,,,,,,,,,,,
,,,,,,,,,,,,,,,,,,,,,,,,,,,,,,,,,
,,,,,,,,,,,,,,,,,,,,,,,,,,,,,,,,,
,,,,,,,,,,,,,,,,,,,,,,,,,,,,,,,,,
,,,,,,,,,,,,,,,,,,,,,,,,,,,,,,,,,
,,,,,,,,,,,,,,,,,,,,,,,,,,,,,,,,,
,,,,,,,,,,,,,,,,,,,,,,,,,,,,,,,,,
,,,,,,,,,,,,,,,,,,,,,,,,,,,,,,,,,
,,,,,,,,,,,,,,,,,,,,,,,,,,,,,,,,,
,,,,,,,,,,,,,,,,,,,,,,,,,,,,,,,,,
,,,,,,,,,,,,,,,,,,,,,,,,,,,,,,,,,
,,,,,,,,,,,,,,,,,,,,,,,,,,,,,,,,,
,,,,,,,,,,,,,,,,,,,,,,,,,,,,,,,,,
,,,,,,,,,,,,,,,,,,,,,,,,,,,,,,,,,
,,,,,,,,,,,,,,,,,,,,,,,,,,,,,,,,,
,,,,,,,,,,,,,,,,,,,,,,,,,,,,,,,,,
,,,,,,,,,,,,,,,,,,,,,,,,,,,,,,,,,
,,,,,,,,,,,,,,,,,,,,,,,,,,,,,,,,,
,,,,,,,,,,,,,,,,,,,,,,,,,,,,,,,,,
,,,,,,,,,,,,,,,,,,,,,,,,,,,,,,,,,
,,,,,,,,,,,,,,,,,,,,,,,,,,,,,,,,,
,,,,,,,,,,,,,,,,,,,,,,,,,,,,,,,,,
,,,,,,,,,,,,,,,,,,,,,,,,,,,,,,,,,
,,,,,,,,,,,,,,,,,,,,,,,,,,,,,,,,,
,,,,,,,,,,,,,,,,,,,,,,,,,,,,,,,,,
,,,,,,,,,,,,,,,,,,,,,,,,,,,,,,,,,
,,,,,,,,,,,,,,,,,,,,,,,,,,,,,,,,,
,,,,,,,,,,,,,,,,,,,,,,,,,,,,,,,,,
,,,,,,,,,,,,,,,,,,,,,,,,,,,,,,,,,
,,,,,,,,,,,,,,,,,,,,,,,,,,,,,,,,,
,,,,,,,,,,,,,,,,,,,,,,,,,,,,,,,,,
,,,,,,,,,,,,,,,,,,,,,,,,,,,,,,,,,
,,,,,,,,,,,,,,,,,,,,,,,,,,,,,,,,,
,,,,,,,,,,,,,,,,,,,,,,,,,,,,,,,,,
,,,,,,,,,,,,,,,,,,,,,,,,,,,,,,,,,
,,,,,,,,,,,,,,,,,,,,,,,,,,,,,,,,,
,,,,,,,,,,,,,,,,,,,,,,,,,,,,,,,,,
,,,,,,,,,,,,,,,,,,,,,,,,,,,,,,,,,
,,,,,,,,,,,,,,,,,,,,,,,,,,,,,,,,,
,,,,,,,,,,,,,,,,,,,,,,,,,,,,,,,,,
,,,,,,,,,,,,,,,,,,,,,,,,,,,,,,,,,
,,,,,,,,,,,,,,,,,,,,,,,,,,,,,,,,,
,,,,,,,,,,,,,,,,,,,,,,,,,,,,,,,,,
,,,,,,,,,,,,,,,,,,,,,,,,,,,,,,,,,
,,,,,,,,,,,,,,,,,,,,,,,,,,,,,,,,,
,,,,,,,,,,,,,,,,,,,,,,,,,,,,,,,,,
,,,,,,,,,,,,,,,,,,,,,,,,,,,,,,,,,
,,,,,,,,,,,,,,,,,,,,,,,,,,,,,,,,,
,,,,,,,,,,,,,,,,,,,,,,,,,,,,,,,,,
,,,,,,,,,,,,,,,,,,,,,,,,,,,,,,,,,
,,,,,,,,,,,,,,,,,,,,,,,,,,,,,,,,,
,,,,,,,,,,,,,,,,,,,,,,,,,,,,,,,,,
,,,,,,,,,,,,,,,,,,,,,,,,,,,,,,,,,
,,,,,,,,,,,,,,,,,,,,,,,,,,,,,,,,,
,,,,,,,,,,,,,,,,,,,,,,,,,,,,,,,,,
,,,,,,,,,,,,,,,,,,,,,,,,,,,,,,,,,
,,,,,,,,,,,,,,,,,,,,,,,,,,,,,,,,,
,,,,,,,,,,,,,,,,,,,,,,,,,,,,,,,,,
,,,,,,,,,,,,,,,,,,,,,,,,,,,,,,,,,
,,,,,,,,,,,,,,,,,,,,,,,,,,,,,,,,,
,,,,,,,,,,,,,,,,,,,,,,,,,,,,,,,,,
,,,,,,,,,,,,,,,,,,,,,,,,,,,,,,,,,
,,,,,,,,,,,,,,,,,,,,,,,,,,,,,,,,,
,,,,,,,,,,,,,,,,,,,,,,,,,,,,,,,,,
,,,,,,,,,,,,,,,,,,,,,,,,,,,,,,,,,
,,,,,,,,,,,,,,,,,,,,,,,,,,,,,,,,,
,,,,,,,,,,,,,,,,,,,,,,,,,,,,,,,,,
,,,,,,,,,,,,,,,,,,,,,,,,,,,,,,,,,
,,,,,,,,,,,,,,,,,,,,,,,,,,,,,,,,,
,,,,,,,,,,,,,,,,,,,,,,,,,,,,,,,,,
,,,,,,,,,,,,,,,,,,,,,,,,,,,,,,,,,
,,,,,,,,,,,,,,,,,,,,,,,,,,,,,,,,,
,,,,,,,,,,,,,,,,,,,,,,,,,,,,,,,,,
,,,,,,,,,,,,,,,,,,,,,,,,,,,,,,,,,
,,,,,,,,,,,,,,,,,,,,,,,,,,,,,,,,,
,,,,,,,,,,,,,,,,,,,,,,,,,,,,,,,,,
,,,,,,,,,,,,,,,,,,,,,,,,,,,,,,,,,
,,,,,,,,,,,,,,,,,,,,,,,,,,,,,,,,,
,,,,,,,,,,,,,,,,,,,,,,,,,,,,,,,,,
,,,,,,,,,,,,,,,,,,,,,,,,,,,,,,,,,
,,,,,,,,,,,,,,,,,,,,,,,,,,,,,,,,,
,,,,,,,,,,,,,,,,,,,,,,,,,,,,,,,,,
,,,,,,,,,,,,,,,,,,,,,,,,,,,,,,,,,
,,,,,,,,,,,,,,,,,,,,,,,,,,,,,,,,,
,,,,,,,,,,,,,,,,,,,,,,,,,,,,,,,,,
,,,,,,,,,,,,,,,,,,,,,,,,,,,,,,,,,
,,,,,,,,,,,,,,,,,,,,,,,,,,,,,,,,,
,,,,,,,,,,,,,,,,,,,,,,,,,,,,,,,,,
,,,,,,,,,,,,,,,,,,,,,,,,,,,,,,,,,
,,,,,,,,,,,,,,,,,,,,,,,,,,,,,,,,,
,,,,,,,,,,,,,,,,,,,,,,,,,,,,,,,,,
,,,,,,,,,,,,,,,,,,,,,,,,,,,,,,,,,
,,,,,,,,,,,,,,,,,,,,,,,,,,,,,,,,,
,,,,,,,,,,,,,,,,,,,,,,,,,,,,,,,,,
,,,,,,,,,,,,,,,,,,,,,,,,,,,,,,,,,
,,,,,,,,,,,,,,,,,,,,,,,,,,,,,,,,,
,,,,,,,,,,,,,,,,,,,,,,,,,,,,,,,,,
,,,,,,,,,,,,,,,,,,,,,,,,,,,,,,,,,
,,,,,,,,,,,,,,,,,,,,,,,,,,,,,,,,,
,,,,,,,,,,,,,,,,,,,,,,,,,,,,,,,,,
,,,,,,,,,,,,,,,,,,,,,,,,,,,,,,,,,
,,,,,,,,,,,,,,,,,,,,,,,,,,,,,,,,,
,,,,,,,,,,,,,,,,,,,,,,,,,,,,,,,,,
,,,,,,,,,,,,,,,,,,,,,,,,,,,,,,,,,
,,,,,,,,,,,,,,,,,,,,,,,,,,,,,,,,,
,,,,,,,,,,,,,,,,,,,,,,,,,,,,,,,,,
,,,,,,,,,,,,,,,,,,,,,,,,,,,,,,,,,
,,,,,,,,,,,,,,,,,,,,,,,,,,,,,,,,,
,,,,,,,,,,,,,,,,,,,,,,,,,,,,,,,,,
,,,,,,,,,,,,,,,,,,,,,,,,,,,,,,,,,
,,,,,,,,,,,,,,,,,,,,,,,,,,,,,,,,,
,,,,,,,,,,,,,,,,,,,,,,,,,,,,,,,,,
,,,,,,,,,,,,,,,,,,,,,,,,,,,,,,,,,
,,,,,,,,,,,,,,,,,,,,,,,,,,,,,,,,,
,,,,,,,,,,,,,,,,,,,,,,,,,,,,,,,,,
,,,,,,,,,,,,,,,,,,,,,,,,,,,,,,,,,
,,,,,,,,,,,,,,,,,,,,,,,,,,,,,,,,,
,,,,,,,,,,,,,,,,,,,,,,,,,,,,,,,,,
,,,,,,,,,,,,,,,,,,,,,,,,,,,,,,,,,
,,,,,,,,,,,,,,,,,,,,,,,,,,,,,,,,,
,,,,,,,,,,,,,,,,,,,,,,,,,,,,,,,,,
,,,,,,,,,,,,,,,,,,,,,,,,,,,,,,,,,
,,,,,,,,,,,,,,,,,,,,,,,,,,,,,,,,,
,,,,,,,,,,,,,,,,,,,,,,,,,,,,,,,,,
,,,,,,,,,,,,,,,,,,,,,,,,,,,,,,,,,
,,,,,,,,,,,,,,,,,,,,,,,,,,,,,,,,,
,,,,,,,,,,,,,,,,,,,,,,,,,,,,,,,,,
,,,,,,,,,,,,,,,,,,,,,,,,,,,,,,,,,
,,,,,,,,,,,,,,,,,,,,,,,,,,,,,,,,,
,,,,,,,,,,,,,,,,,,,,,,,,,,,,,,,,,
,,,,,,,,,,,,,,,,,,,,,,,,,,,,,,,,,
,,,,,,,,,,,,,,,,,,,,,,,,,,,,,,,,,
,,,,,,,,,,,,,,,,,,,,,,,,,,,,,,,,,
,,,,,,,,,,,,,,,,,,,,,,,,,,,,,,,,,
,,,,,,,,,,,,,,,,,,,,,,,,,,,,,,,,,
,,,,,,,,,,,,,,,,,,,,,,,,,,,,,,,,,
,,,,,,,,,,,,,,,,,,,,,,,,,,,,,,,,,
,,,,,,,,,,,,,,,,,,,,,,,,,,,,,,,,,
,,,,,,,,,,,,,,,,,,,,,,,,,,,,,,,,,
,,,,,,,,,,,,,,,,,,,,,,,,,,,,,,,,,
,,,,,,,,,,,,,,,,,,,,,,,,,,,,,,,,,
,,,,,,,,,,,,,,,,,,,,,,,,,,,,,,,,,
,,,,,,,,,,,,,,,,,,,,,,,,,,,,,,,,,
,,,,,,,,,,,,,,,,,,,,,,,,,,,,,,,,,
,,,,,,,,,,,,,,,,,,,,,,,,,,,,,,,,,
,,,,,,,,,,,,,,,,,,,,,,,,,,,,,,,,,
,,,,,,,,,,,,,,,,,,,,,,,,,,,,,,,,,
,,,,,,,,,,,,,,,,,,,,,,,,,,,,,,,,,
,,,,,,,,,,,,,,,,,,,,,,,,,,,,,,,,,
,,,,,,,,,,,,,,,,,,,,,,,,,,,,,,,,,
,,,,,,,,,,,,,,,,,,,,,,,,,,,,,,,,,
,,,,,,,,,,,,,,,,,,,,,,,,,,,,,,,,,
,,,,,,,,,,,,,,,,,,,,,,,,,,,,,,,,,
,,,,,,,,,,,,,,,,,,,,,,,,,,,,,,,,,
,,,,,,,,,,,,,,,,,,,,,,,,,,,,,,,,,
,,,,,,,,,,,,,,,,,,,,,,,,,,,,,,,,,
,,,,,,,,,,,,,,,,,,,,,,,,,,,,,,,,,
,,,,,,,,,,,,,,,,,,,,,,,,,,,,,,,,,
,,,,,,,,,,,,,,,,,,,,,,,,,,,,,,,,,
,,,,,,,,,,,,,,,,,,,,,,,,,,,,,,,,,
,,,,,,,,,,,,,,,,,,,,,,,,,,,,,,,,,
,,,,,,,,,,,,,,,,,,,,,,,,,,,,,,,,,
,,,,,,,,,,,,,,,,,,,,,,,,,,,,,,,,,
,,,,,,,,,,,,,,,,,,,,,,,,,,,,,,,,,
,,,,,,,,,,,,,,,,,,,,,,,,,,,,,,,,,
,,,,,,,,,,,,,,,,,,,,,,,,,,,,,,,,,
,,,,,,,,,,,,,,,,,,,,,,,,,,,,,,,,,
,,,,,,,,,,,,,,,,,,,,,,,,,,,,,,,,,
,,,,,,,,,,,,,,,,,,,,,,,,,,,,,,,,,
,,,,,,,,,,,,,,,,,,,,,,,,,,,,,,,,,
,,,,,,,,,,,,,,,,,,,,,,,,,,,,,,,,,
,,,,,,,,,,,,,,,,,,,,,,,,,,,,,,,,,
,,,,,,,,,,,,,,,,,,,,,,,,,,,,,,,,,
,,,,,,,,,,,,,,,,,,,,,,,,,,,,,,,,,
,,,,,,,,,,,,,,,,,,,,,,,,,,,,,,,,,
,,,,,,,,,,,,,,,,,,,,,,,,,,,,,,,,,
,,,,,,,,,,,,,,,,,,,,,,,,,,,,,,,,,
,,,,,,,,,,,,,,,,,,,,,,,,,,,,,,,,,
,,,,,,,,,,,,,,,,,,,,,,,,,,,,,,,,,
,,,,,,,,,,,,,,,,,,,,,,,,,,,,,,,,,
,,,,,,,,,,,,,,,,,,,,,,,,,,,,,,,,,
,,,,,,,,,,,,,,,,,,,,,,,,,,,,,,,,,
,,,,,,,,,,,,,,,,,,,,,,,,,,,,,,,,,
,,,,,,,,,,,,,,,,,,,,,,,,,,,,,,,,,
,,,,,,,,,,,,,,,,,,,,,,,,,,,,,,,,,
,,,,,,,,,,,,,,,,,,,,,,,,,,,,,,,,,
,,,,,,,,,,,,,,,,,,,,,,,,,,,,,,,,,
,,,,,,,,,,,,,,,,,,,,,,,,,,,,,,,,,
,,,,,,,,,,,,,,,,,,,,,,,,,,,,,,,,,
,,,,,,,,,,,,,,,,,,,,,,,,,,,,,,,,,
,,,,,,,,,,,,,,,,,,,,,,,,,,,,,,,,,
,,,,,,,,,,,,,,,,,,,,,,,,,,,,,,,,,
,,,,,,,,,,,,,,,,,,,,,,,,,,,,,,,,,
,,,,,,,,,,,,,,,,,,,,,,,,,,,,,,,,,
,,,,,,,,,,,,,,,,,,,,,,,,,,,,,,,,,
,,,,,,,,,,,,,,,,,,,,,,,,,,,,,,,,,
,,,,,,,,,,,,,,,,,,,,,,,,,,,,,,,,,
,,,,,,,,,,,,,,,,,,,,,,,,,,,,,,,,,
,,,,,,,,,,,,,,,,,,,,,,,,,,,,,,,,,
,,,,,,,,,,,,,,,,,,,,,,,,,,,,,,,,,
,,,,,,,,,,,,,,,,,,,,,,,,,,,,,,,,,
,,,,,,,,,,,,,,,,,,,,,,,,,,,,,,,,,
,,,,,,,,,,,,,,,,,,,,,,,,,,,,,,,,,
,,,,,,,,,,,,,,,,,,,,,,,,,,,,,,,,,
,,,,,,,,,,,,,,,,,,,,,,,,,,,,,,,,,
,,,,,,,,,,,,,,,,,,,,,,,,,,,,,,,,,
,,,,,,,,,,,,,,,,,,,,,,,,,,,,,,,,,
,,,,,,,,,,,,,,,,,,,,,,,,,,,,,,,,,
,,,,,,,,,,,,,,,,,,,,,,,,,,,,,,,,,
,,,,,,,,,,,,,,,,,,,,,,,,,,,,,,,,,
,,,,,,,,,,,,,,,,,,,,,,,,,,,,,,,,,
,,,,,,,,,,,,,,,,,,,,,,,,,,,,,,,,,
,,,,,,,,,,,,,,,,,,,,,,,,,,,,,,,,,
,,,,,,,,,,,,,,,,,,,,,,,,,,,,,,,,,
,,,,,,,,,,,,,,,,,,,,,,,,,,,,,,,,,
,,,,,,,,,,,,,,,,,,,,,,,,,,,,,,,,,
,,,,,,,,,,,,,,,,,,,,,,,,,,,,,,,,,
,,,,,,,,,,,,,,,,,,,,,,,,,,,,,,,,,
,,,,,,,,,,,,,,,,,,,,,,,,,,,,,,,,,
,,,,,,,,,,,,,,,,,,,,,,,,,,,,,,,,,
,,,,,,,,,,,,,,,,,,,,,,,,,,,,,,,,,
,,,,,,,,,,,,,,,,,,,,,,,,,,,,,,,,,
,,,,,,,,,,,,,,,,,,,,,,,,,,,,,,,,,
,,,,,,,,,,,,,,,,,,,,,,,,,,,,,,,,,
,,,,,,,,,,,,,,,,,,,,,,,,,,,,,,,,,
,,,,,,,,,,,,,,,,,,,,,,,,,,,,,,,,,
,,,,,,,,,,,,,,,,,,,,,,,,,,,,,,,,,
,,,,,,,,,,,,,,,,,,,,,,,,,,,,,,,,,
,,,,,,,,,,,,,,,,,,,,,,,,,,,,,,,,,
,,,,,,,,,,,,,,,,,,,,,,,,,,,,,,,,,
,,,,,,,,,,,,,,,,,,,,,,,,,,,,,,,,,
,,,,,,,,,,,,,,,,,,,,,,,,,,,,,,,,,
,,,,,,,,,,,,,,,,,,,,,,,,,,,,,,,,,
,,,,,,,,,,,,,,,,,,,,,,,,,,,,,,,,,
,,,,,,,,,,,,,,,,,,,,,,,,,,,,,,,,,
,,,,,,,,,,,,,,,,,,,,,,,,,,,,,,,,,
,,,,,,,,,,,,,,,,,,,,,,,,,,,,,,,,,
,,,,,,,,,,,,,,,,,,,,,,,,,,,,,,,,,
,,,,,,,,,,,,,,,,,,,,,,,,,,,,,,,,,
,,,,,,,,,,,,,,,,,,,,,,,,,,,,,,,,,
,,,,,,,,,,,,,,,,,,,,,,,,,,,,,,,,,
,,,,,,,,,,,,,,,,,,,,,,,,,,,,,,,,,
,,,,,,,,,,,,,,,,,,,,,,,,,,,,,,,,,
,,,,,,,,,,,,,,,,,,,,,,,,,,,,,,,,,
,,,,,,,,,,,,,,,,,,,,,,,,,,,,,,,,,
,,,,,,,,,,,,,,,,,,,,,,,,,,,,,,,,,
,,,,,,,,,,,,,,,,,,,,,,,,,,,,,,,,,
,,,,,,,,,,,,,,,,,,,,,,,,,,,,,,,,,
,,,,,,,,,,,,,,,,,,,,,,,,,,,,,,,,,
,,,,,,,,,,,,,,,,,,,,,,,,,,,,,,,,,
,,,,,,,,,,,,,,,,,,,,,,,,,,,,,,,,,
,,,,,,,,,,,,,,,,,,,,,,,,,,,,,,,,,
,,,,,,,,,,,,,,,,,,,,,,,,,,,,,,,,,
,,,,,,,,,,,,,,,,,,,,,,,,,,,,,,,,,
,,,,,,,,,,,,,,,,,,,,,,,,,,,,,,,,,
,,,,,,,,,,,,,,,,,,,,,,,,,,,,,,,,,
,,,,,,,,,,,,,,,,,,,,,,,,,,,,,,,,,
,,,,,,,,,,,,,,,,,,,,,,,,,,,,,,,,,
,,,,,,,,,,,,,,,,,,,,,,,,,,,,,,,,,
,,,,,,,,,,,,,,,,,,,,,,,,,,,,,,,,,
,,,,,,,,,,,,,,,,,,,,,,,,,,,,,,,,,
,,,,,,,,,,,,,,,,,,,,,,,,,,,,,,,,,
,,,,,,,,,,,,,,,,,,,,,,,,,,,,,,,,,
,,,,,,,,,,,,,,,,,,,,,,,,,,,,,,,,,
,,,,,,,,,,,,,,,,,,,,,,,,,,,,,,,,,
,,,,,,,,,,,,,,,,,,,,,,,,,,,,,,,,,
,,,,,,,,,,,,,,,,,,,,,,,,,,,,,,,,,
,,,,,,,,,,,,,,,,,,,,,,,,,,,,,,,,,
,,,,,,,,,,,,,,,,,,,,,,,,,,,,,,,,,
,,,,,,,,,,,,,,,,,,,,,,,,,,,,,,,,,
,,,,,,,,,,,,,,,,,,,,,,,,,,,,,,,,,
,,,,,,,,,,,,,,,,,,,,,,,,,,,,,,,,,
,,,,,,,,,,,,,,,,,,,,,,,,,,,,,,,,,
,,,,,,,,,,,,,,,,,,,,,,,,,,,,,,,,,
,,,,,,,,,,,,,,,,,,,,,,,,,,,,,,,,,
,,,,,,,,,,,,,,,,,,,,,,,,,,,,,,,,,
,,,,,,,,,,,,,,,,,,,,,,,,,,,,,,,,,
,,,,,,,,,,,,,,,,,,,,,,,,,,,,,,,,,
,,,,,,,,,,,,,,,,,,,,,,,,,,,,,,,,,
,,,,,,,,,,,,,,,,,,,,,,,,,,,,,,,,,
,,,,,,,,,,,,,,,,,,,,,,,,,,,,,,,,,
,,,,,,,,,,,,,,,,,,,,,,,,,,,,,,,,,
,,,,,,,,,,,,,,,,,,,,,,,,,,,,,,,,,
,,,,,,,,,,,,,,,,,,,,,,,,,,,,,,,,,
,,,,,,,,,,,,,,,,,,,,,,,,,,,,,,,,,
,,,,,,,,,,,,,,,,,,,,,,,,,,,,,,,,,
,,,,,,,,,,,,,,,,,,,,,,,,,,,,,,,,,
,,,,,,,,,,,,,,,,,,,,,,,,,,,,,,,,,
,,,,,,,,,,,,,,,,,,,,,,,,,,,,,,,,,
,,,,,,,,,,,,,,,,,,,,,,,,,,,,,,,,,
,,,,,,,,,,,,,,,,,,,,,,,,,,,,,,,,,
,,,,,,,,,,,,,,,,,,,,,,,,,,,,,,,,,
,,,,,,,,,,,,,,,,,,,,,,,,,,,,,,,,,
,,,,,,,,,,,,,,,,,,,,,,,,,,,,,,,,,
,,,,,,,,,,,,,,,,,,,,,,,,,,,,,,,,,
,,,,,,,,,,,,,,,,,,,,,,,,,,,,,,,,,
,,,,,,,,,,,,,,,,,,,,,,,,,,,,,,,,,
,,,,,,,,,,,,,,,,,,,,,,,,,,,,,,,,,
,,,,,,,,,,,,,,,,,,,,,,,,,,,,,,,,,
,,,,,,,,,,,,,,,,,,,,,,,,,,,,,,,,,
,,,,,,,,,,,,,,,,,,,,,,,,,,,,,,,,,
,,,,,,,,,,,,,,,,,,,,,,,,,,,,,,,,,
,,,,,,,,,,,,,,,,,,,,,,,,,,,,,,,,,
,,,,,,,,,,,,,,,,,,,,,,,,,,,,,,,,,
,,,,,,,,,,,,,,,,,,,,,,,,,,,,,,,,,
,,,,,,,,,,,,,,,,,,,,,,,,,,,,,,,,,
,,,,,,,,,,,,,,,,,,,,,,,,,,,,,,,,,
,,,,,,,,,,,,,,,,,,,,,,,,,,,,,,,,,
,,,,,,,,,,,,,,,,,,,,,,,,,,,,,,,,,
,,,,,,,,,,,,,,,,,,,,,,,,,,,,,,,,,
,,,,,,,,,,,,,,,,,,,,,,,,,,,,,,,,,
,,,,,,,,,,,,,,,,,,,,,,,,,,,,,,,,,
,,,,,,,,,,,,,,,,,,,,,,,,,,,,,,,,,
,,,,,,,,,,,,,,,,,,,,,,,,,,,,,,,,,
,,,,,,,,,,,,,,,,,,,,,,,,,,,,,,,,,
,,,,,,,,,,,,,,,,,,,,,,,,,,,,,,,,,
,,,,,,,,,,,,,,,,,,,,,,,,,,,,,,,,,
,,,,,,,,,,,,,,,,,,,,,,,,,,,,,,,,,
,,,,,,,,,,,,,,,,,,,,,,,,,,,,,,,,,
,,,,,,,,,,,,,,,,,,,,,,,,,,,,,,,,,
,,,,,,,,,,,,,,,,,,,,,,,,,,,,,,,,,
,,,,,,,,,,,,,,,,,,,,,,,,,,,,,,,,,
,,,,,,,,,,,,,,,,,,,,,,,,,,,,,,,,,
,,,,,,,,,,,,,,,,,,,,,,,,,,,,,,,,,
,,,,,,,,,,,,,,,,,,,,,,,,,,,,,,,,,
,,,,,,,,,,,,,,,,,,,,,,,,,,,,,,,,,
,,,,,,,,,,,,,,,,,,,,,,,,,,,,,,,,,
,,,,,,,,,,,,,,,,,,,,,,,,,,,,,,,,,
,,,,,,,,,,,,,,,,,,,,,,,,,,,,,,,,,
,,,,,,,,,,,,,,,,,,,,,,,,,,,,,,,,,
,,,,,,,,,,,,,,,,,,,,,,,,,,,,,,,,,
,,,,,,,,,,,,,,,,,,,,,,,,,,,,,,,,,
,,,,,,,,,,,,,,,,,,,,,,,,,,,,,,,,,
,,,,,,,,,,,,,,,,,,,,,,,,,,,,,,,,,
,,,,,,,,,,,,,,,,,,,,,,,,,,,,,,,,,
,,,,,,,,,,,,,,,,,,,,,,,,,,,,,,,,,
,,,,,,,,,,,,,,,,,,,,,,,,,,,,,,,,,
,,,,,,,,,,,,,,,,,,,,,,,,,,,,,,,,,
,,,,,,,,,,,,,,,,,,,,,,,,,,,,,,,,,
,,,,,,,,,,,,,,,,,,,,,,,,,,,,,,,,,
,,,,,,,,,,,,,,,,,,,,,,,,,,,,,,,,,
,,,,,,,,,,,,,,,,,,,,,,,,,,,,,,,,,
,,,,,,,,,,,,,,,,,,,,,,,,,,,,,,,,,
,,,,,,,,,,,,,,,,,,,,,,,,,,,,,,,,,
,,,,,,,,,,,,,,,,,,,,,,,,,,,,,,,,,
,,,,,,,,,,,,,,,,,,,,,,,,,,,,,,,,,
,,,,,,,,,,,,,,,,,,,,,,,,,,,,,,,,,
,,,,,,,,,,,,,,,,,,,,,,,,,,,,,,,,,
,,,,,,,,,,,,,,,,,,,,,,,,,,,,,,,,,
,,,,,,,,,,,,,,,,,,,,,,,,,,,,,,,,,
,,,,,,,,,,,,,,,,,,,,,,,,,,,,,,,,,
